framework,total_requests,requests_per_second,avg_response_time
fastapi,1327,25.037735849056602,302.7480845526457
flask,3631,64.83928571428571,45.88129570381549
nexios,916,20.818181818181817,357.08102270720354
quart,2723,51.37735849056604,69.32359250816282
sanic,2651,46.50877192982456,36.5162233871275
