group,galaxy,ra,dec,filename,fits
1,15,210.927048,-1.137346,img_1_15.jpeg,fits/1_15_SDSS_gband.fits
2,18520,232.43869,27.118929,img_2_18520.jpeg,fits/2_18520_SDSS_gband.fits
4,42136,190.907364,17.933109,img_4_42136.jpeg,fits/4_42136_SDSS_gband.fits
1,87502,140.757462,51.277439,img_1_87502.jpeg,fits/1_87502_SDSS_gband.fits
4,100000,227.259003,24.918394,img_4_100000.jpeg,fits/4_100000_SDSS_gband.fits
