{"m500c": [10.75, 11.25, 11.75, 12.25, 12.75, 13.25, 13.75, 14.25, 14.75], "fbar50c": [0.12548048794269562, 0.12665431201457977, 0.11929425597190857, 0.09539336711168289, 0.07650277763605118, 0.09393001347780228, 0.12641307711601257, 0.14316925406455994, 0.14853034913539886], "fbar200m": [0.10745568573474884, 0.12466497719287872, 0.11829269677400589, 0.09388326108455658, 0.06881535798311234, 0.0785500556230545, 0.11045891791582108, 0.13522736728191376, 0.14464904367923737], "fbar100c": [0.11118022352457047, 0.12441015243530273, 0.11788073927164078, 0.09357177466154099, 0.06974327564239502, 0.08118434250354767, 0.11379992216825485, 0.13690179586410522, 0.14520227909088135], "fbar200c": [0.09814345836639404, 0.1275540590286255, 0.12132865935564041, 0.09649357944726944, 0.06766946613788605, 0.07201424241065979, 0.10013873875141144, 0.12889617681503296, 0.1423972249031067], "fbar500c": [0.09073745459318161, 0.14008773863315582, 0.13315899670124054, 0.10745685547590256, 0.07165388762950897, 0.06616363674402237, 0.08351512998342514, 0.11265658587217331, 0.13382120430469513], "fbar1000c": [0.08934234827756882, 0.15261802077293396, 0.14801578223705292, 0.12220017611980438, 0.0803883969783783, 0.06776072829961777, 0.07580562680959702, 0.09914539754390717, 0.12320438772439957], "fbar2500c": [0.09245697408914566, 0.1740296483039856, 0.17398668825626373, 0.15095554292201996, 0.10192324221134186, 0.08036408573389053, 0.07700513303279877, 0.08838878571987152, 0.10738281905651093], "fbar5x500c": [0.13408653438091278, 0.14242398738861084, 0.136241614818573, 0.11457206308841705, 0.10542931407690048, 0.12730853259563446, 0.14798517525196075, 0.15430566668510437, 0.155999556183815]}