{"m500c": [10.75, 11.25, 11.75, 12.25, 12.75, 13.25, 13.75, 14.25, 14.75], "fbar50c": [0.13735245168209076, 0.13776274025440216, 0.13094082474708557, 0.1165420413017273, 0.10890490561723709, 0.12859024107456207, 0.14375633001327515, 0.14894050359725952, 0.1509312391281128], "fbar200m": [0.12587854266166687, 0.13681502640247345, 0.12891270220279694, 0.11092299222946167, 0.09165756404399872, 0.10694799572229385, 0.13021275401115417, 0.14095214009284973, 0.14552414417266846], "fbar100c": [0.12988078594207764, 0.1355336606502533, 0.12810619175434113, 0.1112680733203888, 0.09675983339548111, 0.11507877707481384, 0.13570697605609894, 0.14375223219394684, 0.14727145433425903], "fbar200c": [0.1252032369375229, 0.13865484297275543, 0.13029970228672028, 0.11172520369291306, 0.08978299051523209, 0.10273412615060806, 0.12680788338184357, 0.13937315344810486, 0.14479485154151917], "fbar500c": [0.1311880350112915, 0.1529141515493393, 0.1415048986673355, 0.12094464898109436, 0.08919508755207062, 0.09049544483423233, 0.1117468923330307, 0.1304660439491272, 0.14108367264270782], "fbar1000c": [0.13289496302604675, 0.16852746903896332, 0.15765032172203064, 0.13562847673892975, 0.09626059234142303, 0.08726796507835388, 0.10114947706460953, 0.12007619440555573, 0.1364682912826538], "fbar2500c": [0.14042730629444122, 0.1967633217573166, 0.18837657570838928, 0.16743065416812897, 0.11886046081781387, 0.09681140631437302, 0.09741344302892685, 0.10825496166944504, 0.125402569770813], "fbar5x500c": [0.1424078792333603, 0.14920979738235474, 0.14590974152088165, 0.1375933140516281, 0.1383255422115326, 0.14989888668060303, 0.15407858788967133, 0.15493008494377136, 0.15522220730781555]}