{"m500c": [10.75, 11.25, 11.75, 12.25, 12.75, 13.25, 13.75, 14.25, 14.75, 15.25], "fbar50c": [0.07337368279695511, 0.09531409293413162, 0.12109340727329254, 0.1432364583015442, 0.147767573595047, 0.14824043214321136, 0.14804109930992126, 0.14807124435901642, 0.14848795533180237, 0.14858092367649078], "fbar200m": [0.06532822549343109, 0.08752451092004776, 0.11564604938030243, 0.14109425246715546, 0.14686140418052673, 0.14786946773529053, 0.14789603650569916, 0.1479942798614502, 0.14844316244125366, 0.14854925870895386], "fbar100c": [0.047195255756378174, 0.06707655638456345, 0.10065905749797821, 0.1347622126340866, 0.14413851499557495, 0.14670473337173462, 0.1474577784538269, 0.14788691699504852, 0.14841437339782715, 0.14967790246009827], "fbar200c": [0.031222742050886154, 0.0374855101108551, 0.0777062326669693, 0.12302275002002716, 0.13881851732730865, 0.1442449986934662, 0.14632835984230042, 0.14736036956310272, 0.14823845028877258, 0.15124304592609406], "fbar500c": [0.026048406958580017, 0.017778614535927773, 0.047183841466903687, 0.10180627554655075, 0.12788785994052887, 0.13864119350910187, 0.1432185024023056, 0.14528554677963257, 0.1465982049703598, 0.14941254258155823], "fbar1000c": [0.026052674278616905, 0.016186973080039024, 0.029855569824576378, 0.0822385624051094, 0.11565890163183212, 0.13139604032039642, 0.1384587585926056, 0.14142446219921112, 0.14266690611839294, 0.14436131715774536], "fbar2500c": [0.02628825232386589, 0.01836356334388256, 0.018298273906111717, 0.055921442806720734, 0.09393852949142456, 0.1155858188867569, 0.12573553621768951, 0.12898389995098114, 0.12974578142166138, 0.13044553995132446], "fbar5x500c": [0.09400425106287003, 0.1399298906326294, 0.1502828449010849, 0.15523116290569305, 0.15482570230960846, 0.15396545827388763, 0.15382958948612213, 0.15424935519695282, 0.1549980342388153, 0.15568898618221283]}