{"m500c": [10.75, 11.25, 11.75, 12.25, 12.75, 13.25, 13.75, 14.25, 14.75], "fbar50c": [0.12392542511224747, 0.11800538748502731, 0.1045527383685112, 0.08421886712312698, 0.07167948782444, 0.09060268104076385, 0.12382161617279053, 0.14215803146362305, 0.14823347330093384], "fbar200m": [0.10676199942827225, 0.11455510556697845, 0.10147223621606827, 0.08050786703824997, 0.06262534856796265, 0.07451518625020981, 0.10734763741493225, 0.1338043212890625, 0.1443115621805191], "fbar100c": [0.11021333932876587, 0.11461279541254044, 0.10149180144071579, 0.0806702971458435, 0.06386364996433258, 0.07732515037059784, 0.1107863187789917, 0.13555574417114258, 0.14485374093055725], "fbar200c": [0.09717857092618942, 0.11642631888389587, 0.10311397910118103, 0.08159578591585159, 0.06046167388558388, 0.06738238781690598, 0.09665969014167786, 0.12713831663131714, 0.14193430542945862], "fbar500c": [0.09071876853704453, 0.1269185096025467, 0.11207468062639236, 0.08935315161943436, 0.062178224325180054, 0.06002628058195114, 0.07902007550001144, 0.10991620272397995, 0.13244758546352386], "fbar1000c": [0.08880985528230667, 0.1379726529121399, 0.12436578422784805, 0.10106462985277176, 0.0686582550406456, 0.059985969215631485, 0.07014838606119156, 0.09511552006006241, 0.12046892195940018], "fbar2500c": [0.09287583827972412, 0.15720832347869873, 0.14650936424732208, 0.12497591227293015, 0.08599220216274261, 0.06935591250658035, 0.06889765709638596, 0.08185479044914246, 0.10223004221916199], "fbar5x500c": [0.1324073225259781, 0.13569559156894684, 0.1252588927745819, 0.10667756199836731, 0.10194041579961777, 0.124623604118824, 0.14648020267486572, 0.1538773477077484, 0.15583272278308868]}