{"m500c": [10.75, 11.25, 11.75, 12.25, 12.75, 13.25, 13.75, 14.25, 14.75], "fbar50c": [0.12050823867321014, 0.11744482815265656, 0.11442102491855621, 0.09161961078643799, 0.07682935148477554, 0.08767973631620407, 0.11375578492879868, 0.1348196268081665, 0.14422552287578583], "fbar200m": [0.10347510874271393, 0.11770010739564896, 0.11476247757673264, 0.0881267562508583, 0.06787898391485214, 0.07459255307912827, 0.10022363811731339, 0.12655644118785858, 0.1393817514181137], "fbar100c": [0.10691434144973755, 0.11689050495624542, 0.11407598108053207, 0.0883282721042633, 0.06929093599319458, 0.07696712017059326, 0.1029515266418457, 0.12814593315124512, 0.1400580108165741], "fbar200c": [0.09421832114458084, 0.12240905314683914, 0.11861544102430344, 0.08896498382091522, 0.06475957483053207, 0.06818515807390213, 0.09166467189788818, 0.12098181247711182, 0.1369463950395584], "fbar500c": [0.0839242935180664, 0.1379566639661789, 0.13174259662628174, 0.09612535685300827, 0.06384841352701187, 0.06038812920451164, 0.07668976485729218, 0.10702924430370331, 0.12888360023498535], "fbar1000c": [0.08175631612539291, 0.1514604240655899, 0.1472599059343338, 0.10748622566461563, 0.06794003397226334, 0.0590045303106308, 0.06818917393684387, 0.09437481313943863, 0.11897370964288712], "fbar2500c": [0.08416324853897095, 0.1725475937128067, 0.17343074083328247, 0.1312883347272873, 0.08183521777391434, 0.06588247418403625, 0.06544215977191925, 0.08138424158096313, 0.10226942598819733], "fbar5x500c": [0.1292111575603485, 0.13350513577461243, 0.13014110922813416, 0.1101832389831543, 0.10150515288114548, 0.11530064791440964, 0.13649298250675201, 0.14913925528526306, 0.1534452885389328]}