{"m500c": [10.75, 11.25, 11.75, 12.25, 12.75, 13.25, 13.75, 14.25, 14.75], "fbar50c": [0.13929788768291473, 0.13840483129024506, 0.1314825415611267, 0.11634703725576401, 0.10856113582849503, 0.12899400293827057, 0.14470690488815308, 0.15001194179058075, 0.15232804417610168], "fbar200m": [0.1294577717781067, 0.13769681751728058, 0.12974199652671814, 0.11099360883235931, 0.0914808064699173, 0.10729245841503143, 0.13109733164310455, 0.14205418527126312, 0.14677098393440247], "fbar100c": [0.13190343976020813, 0.13629209995269775, 0.12880827486515045, 0.11121632158756256, 0.09643885493278503, 0.11533824354410172, 0.13655678927898407, 0.14479218423366547, 0.14828313887119293], "fbar200c": [0.1282593458890915, 0.1397002935409546, 0.13126377761363983, 0.11188805103302002, 0.08958757668733597, 0.10290603339672089, 0.12750032544136047, 0.1403980255126953, 0.1460498869419098], "fbar500c": [0.13364723324775696, 0.1544249802827835, 0.14286787807941437, 0.12141380459070206, 0.08919926732778549, 0.09064596891403198, 0.11220064014196396, 0.1311439573764801, 0.14212219417095184], "fbar1000c": [0.13628026843070984, 0.1702578216791153, 0.15927299857139587, 0.13637089729309082, 0.09645802527666092, 0.08747662603855133, 0.10158125311136246, 0.12069385498762131, 0.13469676673412323], "fbar2500c": [0.14494813978672028, 0.19857682287693024, 0.19014844298362732, 0.16843703389167786, 0.11923909932374954, 0.0971917062997818, 0.09789988398551941, 0.10880941897630692, 0.11963330209255219], "fbar5x500c": [0.14434751868247986, 0.15024621784687042, 0.1467795968055725, 0.13785472512245178, 0.1386592537164688, 0.150968536734581, 0.1554645150899887, 0.15641123056411743, 0.156839519739151]}