{"m500c": [10.75, 11.25, 11.75, 12.25, 12.75, 13.25, 13.75, 14.25, 14.75], "fstar50c": [0.0004313382087275386, 0.011304337531328201, 0.02198636345565319, 0.0247882679104805, 0.019844921305775642, 0.01674814708530903, 0.015416898764669895, 0.015037033706903458, 0.015451584942638874], "fstar200m": [0.0002640390594024211, 0.015405897982418537, 0.029542310163378716, 0.03323119878768921, 0.025935180485248566, 0.020977575331926346, 0.018371425569057465, 0.017001155763864517, 0.016847854480147362], "fstar100c": [0.00027343101100996137, 0.013570453971624374, 0.02626315876841545, 0.029431594535708427, 0.023080773651599884, 0.01891958713531494, 0.016881519928574562, 0.01599818281829357, 0.016255879774689674], "fstar200c": [0.00024789723102003336, 0.01664561964571476, 0.03167325630784035, 0.035774849355220795, 0.027895325794816017, 0.02241870015859604, 0.019460301846265793, 0.017728514969348907, 0.017355911433696747], "fstar500c": [0.0003456383419688791, 0.022224251180887222, 0.04093006253242493, 0.04745485261082649, 0.037285178899765015, 0.02933480776846409, 0.02477191388607025, 0.021703608334064484, 0.020158343017101288], "fstar1000c": [0.00042923103319481015, 0.026861760765314102, 0.05022602528333664, 0.059949666261672974, 0.04779398441314697, 0.03712930530309677, 0.030819015577435493, 0.026607748121023178, 0.023910220712423325], "fstar2500c": [0.0005290998960845172, 0.0344502292573452, 0.066219761967659, 0.08265658468008041, 0.0691148191690445, 0.05398273095488548, 0.04422830045223236, 0.03773455321788788, 0.033170390874147415], "fstar5x500c": [0.0005243394407443702, 0.008054560981690884, 0.015332219190895557, 0.018222400918602943, 0.015709305182099342, 0.014037549495697021, 0.013395782560110092, 0.013273668475449085, 0.013730448670685291]}