{"m500c": [10.75, 11.25, 11.75, 12.25, 12.75, 13.25, 13.75, 14.25, 14.75], "fstar50c": [0.0004651876515708864, 0.012797745876014233, 0.02480441890656948, 0.0292961485683918, 0.023304997012019157, 0.01932676136493683, 0.01766352541744709, 0.01711886189877987, 0.017460308969020844], "fstar200m": [0.0003086469369009137, 0.017334265634417534, 0.03310185298323631, 0.03905627131462097, 0.030491987243294716, 0.024135025218129158, 0.02083907648921013, 0.01925988867878914, 0.019031310454010963], "fstar100c": [0.00029811245622113347, 0.0153155867010355, 0.029512450098991394, 0.0346735380589962, 0.027114883065223694, 0.021758446469902992, 0.019216284155845642, 0.018162397667765617, 0.018419764935970306], "fstar200c": [0.00029418745543807745, 0.018686458468437195, 0.03542773425579071, 0.041982997208833694, 0.032814834266901016, 0.025829674676060677, 0.02203243598341942, 0.020058752968907356, 0.019578352570533752], "fstar500c": [0.0003998542670160532, 0.024744903668761253, 0.04544655978679657, 0.05529879033565521, 0.04388228431344032, 0.03405163809657097, 0.028038958087563515, 0.024400878697633743, 0.022591929882764816], "fstar1000c": [0.00047533135511912405, 0.029746728017926216, 0.05539094656705856, 0.0693085789680481, 0.056205667555332184, 0.04330328851938248, 0.03502257913351059, 0.029693642631173134, 0.026263197883963585], "fstar2500c": [0.0005429706652648747, 0.03789393603801727, 0.07231594622135162, 0.09425245970487595, 0.08079098910093307, 0.06317302584648132, 0.05060768872499466, 0.041986554861068726, 0.03661048412322998], "fstar5x500c": [0.0005442011170089245, 0.009105972945690155, 0.017317481338977814, 0.0214686319231987, 0.01841697469353676, 0.01633838377892971, 0.015498265624046326, 0.015207095071673393, 0.015649279579520226]}