{"m500c": [10.75, 11.25, 11.75, 12.25, 12.75, 13.25, 13.75, 14.25, 14.75, 15.25], "fstar50c": [0.0007964567048475146, 0.023956619203090668, 0.0378468856215477, 0.036980144679546356, 0.025989962741732597, 0.02046012319624424, 0.01799524761736393, 0.016913075000047684, 0.016532130539417267, 0.01666293293237686], "fstar200m": [0.0007867574458941817, 0.02494482696056366, 0.03929007053375244, 0.03846478462219238, 0.027048829942941666, 0.021203620359301567, 0.018510006368160248, 0.017267536371946335, 0.01679445616900921, 0.016943011432886124], "fstar100c": [0.0007465861272066832, 0.02769588865339756, 0.04318290203809738, 0.042609117925167084, 0.03006300888955593, 0.02336905337870121, 0.019983045756816864, 0.018302559852600098, 0.017612477764487267, 0.017539499327540398], "fstar200c": [0.0007471873541362584, 0.03230373188853264, 0.04945752024650574, 0.04964454472064972, 0.035318080335855484, 0.027217069640755653, 0.022643906995654106, 0.020230550318956375, 0.01911785826086998, 0.018911391496658325], "fstar500c": [0.0006987448432482779, 0.0397668294608593, 0.05965254455804825, 0.0619097501039505, 0.04499700292944908, 0.034609127789735794, 0.028057701885700226, 0.024243474006652832, 0.022265827283263206, 0.02155287377536297], "fstar1000c": [0.0007889701519161463, 0.04546428471803665, 0.06915746629238129, 0.0740874633193016, 0.055257879197597504, 0.04277283325791359, 0.03430376574397087, 0.02903192676603794, 0.026083309203386307, 0.025287264958024025], "fstar2500c": [0.0008516335510648787, 0.05355629324913025, 0.08365443348884583, 0.09381016343832016, 0.07352098077535629, 0.05840418115258217, 0.04700455069541931, 0.03943100571632385, 0.03463151678442955, 0.03263697028160095], "fstar5x500c": [0.000873326847795397, 0.01728808507323265, 0.027164608240127563, 0.02743385173380375, 0.02025883086025715, 0.017023764550685883, 0.01576724275946617, 0.015312491916120052, 0.0152471624314785, 0.01562487706542015]}