{"m500c": [10.75, 11.25, 11.75, 12.25, 12.75, 13.25, 13.75, 14.25, 14.75], "fstar50c": [0.000517378852237016, 0.0157865509390831, 0.02913304790854454, 0.032384175807237625, 0.024215469136834145, 0.019406301900744438, 0.017340078949928284, 0.016642028465867043, 0.01667444035410881], "fstar200m": [0.0003789259062614292, 0.019632574170827866, 0.03580228239297867, 0.03994414955377579, 0.02966897003352642, 0.023142153397202492, 0.01984134502708912, 0.018332961946725845, 0.017972102388739586], "fstar100c": [0.0004196297668386251, 0.01873970590531826, 0.034308720380067825, 0.038192108273506165, 0.028362203389406204, 0.022206664085388184, 0.019193045794963837, 0.01789078488945961, 0.017630930989980698], "fstar200c": [0.0003819561388809234, 0.022555213421583176, 0.04050934314727783, 0.04563739523291588, 0.034000664949417114, 0.026294292882084846, 0.02207261510193348, 0.019875764846801758, 0.019173061475157738], "fstar500c": [0.0005118143162690103, 0.029145730659365654, 0.05074099078774452, 0.05881011486053467, 0.044534843415021896, 0.03405388072133064, 0.027813805267214775, 0.024076275527477264, 0.02244398184120655], "fstar1000c": [0.0005948739708401263, 0.034413572400808334, 0.06067889556288719, 0.07238055765628815, 0.05608046054840088, 0.042758602648973465, 0.03453424572944641, 0.02912667579948902, 0.02638227306306362], "fstar2500c": [0.000689422304276377, 0.04261838644742966, 0.07705321907997131, 0.0958789512515068, 0.07837002724409103, 0.060838449746370316, 0.048944730311632156, 0.040743205696344376, 0.036333486437797546], "fstar5x500c": [0.0006067319773137569, 0.011188824661076069, 0.020300038158893585, 0.023698927834630013, 0.01909668929874897, 0.01647237129509449, 0.01548008993268013, 0.015155047178268433, 0.01526592206209898]}