{"m500c": [10.75, 11.25, 11.75, 12.25, 12.75, 13.25, 13.75, 14.25, 14.75], "fstar50c": [0.0005471222684718668, 0.012073202058672905, 0.0238563884049654, 0.02850710041821003, 0.0228949673473835, 0.019057998433709145, 0.017491482198238373, 0.016908567398786545, 0.017384720966219902], "fstar200m": [0.00032009099959395826, 0.01636683940887451, 0.03187841176986694, 0.03802133724093437, 0.029934758320450783, 0.02374946139752865, 0.02060030959546566, 0.01905490830540657, 0.018979642540216446], "fstar100c": [0.0003862860903609544, 0.014464078471064568, 0.02840939536690712, 0.03375421464443207, 0.026636220514774323, 0.02143152244389057, 0.019011057913303375, 0.017964564263820648, 0.018192149698734283], "fstar200c": [0.00032568033202551305, 0.017669841647148132, 0.034184716641902924, 0.04095015674829483, 0.03227165341377258, 0.02545882575213909, 0.02179649844765663, 0.019848661497235298, 0.01942623034119606], "fstar500c": [0.0005121249705553055, 0.023421477526426315, 0.04402799904346466, 0.05415613204240799, 0.0433189682662487, 0.03367764502763748, 0.02779742330312729, 0.02409491129219532, 0.022541001439094543], "fstar1000c": [0.0005953285144641995, 0.028198931366205215, 0.05381352826952934, 0.06810792535543442, 0.05564535781741142, 0.04294976219534874, 0.03481424227356911, 0.029267294332385063, 0.025896301493048668], "fstar2500c": [0.0006866352050565183, 0.03600751608610153, 0.07052960991859436, 0.09303915500640869, 0.08040354400873184, 0.06291662901639938, 0.050490181893110275, 0.04165119677782059, 0.03678257018327713], "fstar5x500c": [0.0005846135900355875, 0.008580893278121948, 0.016645248979330063, 0.020874233916401863, 0.018057838082313538, 0.01605311594903469, 0.015263251028954983, 0.014943784102797508, 0.015399305149912834]}