{"m500c": [10.75, 11.25, 11.75, 12.25, 12.75, 13.25, 13.75, 14.25, 14.75], "fstar50c": [0.0004521557711996138, 0.014640634879469872, 0.028902962803840637, 0.03261074051260948, 0.02527032047510147, 0.021046511828899384, 0.019053064286708832, 0.01829410344362259, 0.01862413063645363], "fstar200m": [0.00029540612013079226, 0.019635474309325218, 0.03812790289521217, 0.04317746311426163, 0.03279091417789459, 0.02620965801179409, 0.022704577073454857, 0.020672911778092384, 0.020288223400712013], "fstar100c": [0.0003004565369337797, 0.01743670180439949, 0.03415293246507645, 0.038439832627773285, 0.02927223965525627, 0.023702993988990784, 0.02087423950433731, 0.019433515146374702, 0.019589101895689964], "fstar200c": [0.0002811563899740577, 0.02109641209244728, 0.040699273347854614, 0.04633880779147148, 0.03520315885543823, 0.027956029400229454, 0.02402091957628727, 0.021579165011644363, 0.0208659078925848], "fstar500c": [0.00037428957875818014, 0.027550769969820976, 0.051727622747421265, 0.06073679402470589, 0.046715568751096725, 0.036279015243053436, 0.03030291385948658, 0.026368234306573868, 0.024269094690680504], "fstar1000c": [0.0004228592151775956, 0.032886482775211334, 0.06252742558717728, 0.07589326798915863, 0.059523824602365494, 0.045626066625118256, 0.03737598657608032, 0.032042134553194046, 0.02839507907629013], "fstar2500c": [0.00048324771341867745, 0.0415506586432457, 0.08070918172597885, 0.10289832204580307, 0.08532897382974625, 0.06595402210950851, 0.05308888107538223, 0.04462004452943802, 0.03989843279123306], "fstar5x500c": [0.000561038323212415, 0.010384962894022465, 0.020185561850667, 0.023970307782292366, 0.02009105496108532, 0.017708871513605118, 0.016632674261927605, 0.01629067398607731, 0.016697702929377556]}