{"m500c": [10.75, 11.25, 11.75, 12.25, 12.75, 13.25, 13.75, 14.25, 14.75], "fbar50c": [0.12534396350383759, 0.12548354268074036, 0.11717221140861511, 0.09627445042133331, 0.08105120062828064, 0.10359068214893341, 0.1336006224155426, 0.14546610414981842, 0.149244487285614], "fbar200m": [0.10678988695144653, 0.12350207567214966, 0.11590524762868881, 0.09402373433113098, 0.07176278531551361, 0.08677192032337189, 0.11994673311710358, 0.13917455077171326, 0.14615297317504883], "fbar100c": [0.11061751842498779, 0.12324719876050949, 0.11553844064474106, 0.09384685009717941, 0.07300271093845367, 0.08981088548898697, 0.12293172627687454, 0.14045116305351257, 0.14649932086467743], "fbar200c": [0.09700834006071091, 0.12640699744224548, 0.11882443726062775, 0.09628909826278687, 0.06977545469999313, 0.07885128259658813, 0.11013517528772354, 0.13418667018413544, 0.14457380771636963], "fbar500c": [0.08838304877281189, 0.13901013135910034, 0.13047799468040466, 0.10674463957548141, 0.07258453220129013, 0.07040403038263321, 0.09237536787986755, 0.1201450377702713, 0.1376890391111374], "fbar1000c": [0.08625850826501846, 0.15159626305103302, 0.1452072411775589, 0.12117625027894974, 0.08066631108522415, 0.07034806162118912, 0.08274568617343903, 0.10697874426841736, 0.12855547666549683], "fbar2500c": [0.08898331224918365, 0.1730671525001526, 0.1710236370563507, 0.14965298771858215, 0.10148169845342636, 0.08143112063407898, 0.08123736828565598, 0.09445921331644058, 0.11255814135074615], "fbar5x500c": [0.1340530812740326, 0.14134252071380615, 0.13497692346572876, 0.11707501858472824, 0.11198096722364426, 0.13531439006328583, 0.1510758399963379, 0.15509431064128876, 0.1562858521938324]}