{"m500c": [10.75, 11.25, 11.75, 12.25, 12.75, 13.25, 13.75, 14.25, 14.75], "fbar50c": [0.12275740504264832, 0.12183427810668945, 0.11306005716323853, 0.09783918410539627, 0.08758942037820816, 0.1144055426120758, 0.13753589987754822, 0.14489197731018066, 0.1474159061908722], "fbar200m": [0.10436958819627762, 0.11932870745658875, 0.11098942160606384, 0.09431785345077515, 0.07594797760248184, 0.09706428647041321, 0.1268630474805832, 0.13997900485992432, 0.1446468085050583], "fbar100c": [0.10809678584337234, 0.11915930360555649, 0.11075484752655029, 0.09438078850507736, 0.07780513912439346, 0.10070182383060455, 0.1294562965631485, 0.1409795731306076, 0.14490768313407898], "fbar200c": [0.09592613577842712, 0.121841661632061, 0.11333198845386505, 0.09584670513868332, 0.07277564704418182, 0.08818085491657257, 0.11887072026729584, 0.1364298015832901, 0.14364956319332123], "fbar500c": [0.08817208558320999, 0.13382244110107422, 0.12396203726530075, 0.10506255179643631, 0.07352578639984131, 0.07643912732601166, 0.10178934037685394, 0.12514778971672058, 0.1383132040500641], "fbar1000c": [0.08678270131349564, 0.14588966965675354, 0.13784891366958618, 0.11851602792739868, 0.08031588792800903, 0.07381848245859146, 0.09074349701404572, 0.11339666694402695, 0.13044436275959015], "fbar2500c": [0.08912647515535355, 0.1667100042104721, 0.16251693665981293, 0.14579404890537262, 0.0994531661272049, 0.0820002406835556, 0.0857689157128334, 0.0999317467212677, 0.1153487041592598], "fbar5x500c": [0.13174085319042206, 0.138133704662323, 0.1321641504764557, 0.12038174271583557, 0.11981119215488434, 0.1413448303937912, 0.15102721750736237, 0.15324664115905762, 0.15407150983810425]}