{"m500c": [10.75, 11.25, 11.75, 12.25, 12.75, 13.25, 13.75, 14.25, 14.75], "fbar50c": [0.13750582933425903, 0.13320201635360718, 0.13153554499149323, 0.12395456433296204, 0.1294703334569931, 0.1381358653306961, 0.14368754625320435, 0.14797373116016388, 0.15049633383750916], "fbar200m": [0.1262606382369995, 0.1340864598751068, 0.13126111030578613, 0.11603458970785141, 0.1160566434264183, 0.12392877042293549, 0.13139310479164124, 0.13917651772499084, 0.14412784576416016], "fbar100c": [0.1292005330324173, 0.13171644508838654, 0.1297461837530136, 0.11786773800849915, 0.12055844813585281, 0.12916406989097595, 0.13610637187957764, 0.14227327704429626, 0.1461850106716156], "fbar200c": [0.1252048760652542, 0.136804461479187, 0.13311901688575745, 0.11569204181432724, 0.11381082981824875, 0.12093639373779297, 0.12846656143665314, 0.13735763728618622, 0.14317061007022858], "fbar500c": [0.1306220293045044, 0.15403153002262115, 0.14572668075561523, 0.11936584115028381, 0.10927561670541763, 0.1117856577038765, 0.11669480055570602, 0.12795887887477875, 0.1388012319803238], "fbar1000c": [0.13077929615974426, 0.17032593488693237, 0.16229449212551117, 0.12881119549274445, 0.11157727986574173, 0.10964017361402512, 0.10918582230806351, 0.11819218844175339, 0.13179536163806915], "fbar2500c": [0.13897666335105896, 0.19718097150325775, 0.1922697275876999, 0.15264739096164703, 0.12631987035274506, 0.1193927749991417, 0.10921932756900787, 0.10848472267389297, 0.11729978024959564], "fbar5x500c": [0.14270593225955963, 0.1467006504535675, 0.14560961723327637, 0.142391175031662, 0.14807088673114777, 0.15279512107372284, 0.15449737012386322, 0.15534481406211853, 0.15566393733024597]}