{"m500c": [10.75, 11.25, 11.75, 12.25, 12.75, 13.25, 13.75, 14.25, 14.75], "fbar50c": [0.12496590614318848, 0.123285211622715, 0.11438213288784027, 0.09864915162324905, 0.088751420378685, 0.1159878522157669, 0.13957050442695618, 0.1471487432718277, 0.14979152381420135], "fbar200m": [0.10737818479537964, 0.12093635648488998, 0.11242474615573883, 0.09513399004936218, 0.07713883370161057, 0.09872175008058548, 0.12891672551631927, 0.14223513007164001, 0.14707809686660767], "fbar100c": [0.11102868616580963, 0.12074856460094452, 0.11218900978565216, 0.095193050801754, 0.0788530558347702, 0.10207508504390717, 0.13131104409694672, 0.1431637406349182, 0.14726410806179047], "fbar200c": [0.09768164157867432, 0.12365151196718216, 0.11495950818061829, 0.09674784541130066, 0.07378712296485901, 0.08938752114772797, 0.12048141658306122, 0.13851824402809143, 0.1460326462984085], "fbar500c": [0.09004209190607071, 0.13594244420528412, 0.12592697143554688, 0.10622047632932663, 0.0746266096830368, 0.07760671526193619, 0.10307114571332932, 0.12713105976581573, 0.14077086746692657], "fbar1000c": [0.08848810940980911, 0.14835062623023987, 0.14015667140483856, 0.11998617649078369, 0.08161628991365433, 0.07508769631385803, 0.091897152364254, 0.1150495782494545, 0.13317951560020447], "fbar2500c": [0.09225157648324966, 0.16966335475444794, 0.1653207391500473, 0.14780427515506744, 0.10122774541378021, 0.08365970849990845, 0.0871443897485733, 0.1012808158993721, 0.11863435059785843], "fbar5x500c": [0.1337004005908966, 0.13976503908634186, 0.13361623883247375, 0.12152265012264252, 0.12134994566440582, 0.1433577537536621, 0.1533201038837433, 0.15565137565135956, 0.15649761259555817]}