{"m500c": [10.75, 11.25, 11.75, 12.25, 12.75, 13.25, 13.75, 14.25, 14.75, 15.25], "fbar50c": [0.09649404138326645, 0.10042501240968704, 0.09266294538974762, 0.07881740480661392, 0.07084903120994568, 0.10307854413986206, 0.1358737200498581, 0.1468619704246521, 0.1502339392900467, 0.15233729779720306], "fbar200m": [0.0899675190448761, 0.09961507469415665, 0.09224067628383636, 0.07812830060720444, 0.06856022775173187, 0.09924021363258362, 0.1336369514465332, 0.14616627991199493, 0.14994904398918152, 0.15203967690467834], "fbar100c": [0.07413976639509201, 0.09908784180879593, 0.09270980209112167, 0.0778937116265297, 0.06421705335378647, 0.0897987112402916, 0.12684179842472076, 0.1438739001750946, 0.149465411901474, 0.15183448791503906], "fbar200c": [0.05626596510410309, 0.10172834247350693, 0.09677454084157944, 0.08093104511499405, 0.06145467609167099, 0.07812950015068054, 0.11456172168254852, 0.13811808824539185, 0.1477259397506714, 0.15274880826473236], "fbar500c": [0.04868550971150398, 0.1105915978550911, 0.10771492123603821, 0.09114938229322433, 0.064057357609272, 0.06848902255296707, 0.09675423800945282, 0.1256205439567566, 0.14182573556900024, 0.15229669213294983], "fbar1000c": [0.04918096214532852, 0.119393490254879, 0.12010423094034195, 0.10426878929138184, 0.07122215628623962, 0.06738143414258957, 0.0859958678483963, 0.11317551881074905, 0.1328636109828949, 0.1476723849773407], "fbar2500c": [0.05145537480711937, 0.13391007483005524, 0.14017987251281738, 0.1283188909292221, 0.08842239528894424, 0.07585776597261429, 0.08131065219640732, 0.09893655776977539, 0.11662211269140244, 0.12574303150177002], "fbar5x500c": [0.1150030791759491, 0.1172315701842308, 0.10958340018987656, 0.09698396921157837, 0.098226398229599, 0.13159267604351044, 0.15038883686065674, 0.15507642924785614, 0.1564762443304062, 0.15741215646266937]}