{"m500c": [10.75, 11.25, 11.75, 12.25, 12.75, 13.25, 13.75, 14.25, 14.75], "fbar50c": [0.12461639195680618, 0.12312109768390656, 0.11412703990936279, 0.09910168498754501, 0.08937354385852814, 0.11581329256296158, 0.1387956142425537, 0.14616775512695312, 0.14865367114543915], "fbar200m": [0.10536318272352219, 0.12039697170257568, 0.11183012276887894, 0.0952383279800415, 0.07726748287677765, 0.09814299643039703, 0.12790825963020325, 0.14098231494426727, 0.1456303745508194], "fbar100c": [0.10980364680290222, 0.12027662247419357, 0.11163157224655151, 0.09536195546388626, 0.07928711920976639, 0.1019727811217308, 0.13062267005443573, 0.14207758009433746, 0.14605529606342316], "fbar200c": [0.09506884962320328, 0.12270867824554443, 0.11403924971818924, 0.09663843363523483, 0.07399114221334457, 0.08933752775192261, 0.12004207074642181, 0.13749346137046814, 0.14477021992206573], "fbar500c": [0.08667992800474167, 0.13440828025341034, 0.12454194575548172, 0.10571832954883575, 0.07452809065580368, 0.07740725576877594, 0.10278288275003433, 0.1263165920972824, 0.1399623453617096], "fbar1000c": [0.0845894068479538, 0.14645791053771973, 0.13847143948078156, 0.11916828900575638, 0.08125928789377213, 0.07464051246643066, 0.09156748652458191, 0.11444032192230225, 0.13241219520568848], "fbar2500c": [0.08694285154342651, 0.1674315482378006, 0.1633862555027008, 0.14666125178337097, 0.10055927187204361, 0.08286211639642715, 0.08662329614162445, 0.10057633370161057, 0.11697721481323242], "fbar5x500c": [0.13324853777885437, 0.1394302099943161, 0.13339316844940186, 0.12203636020421982, 0.12178361415863037, 0.14271530508995056, 0.1521482765674591, 0.15431614220142365, 0.15500906109809875]}