{"m500c": [10.75, 11.25, 11.75, 12.25, 12.75, 13.25, 13.75, 14.25, 14.75], "fbar50c": [0.13837306201457977, 0.13543538749217987, 0.12473855167627335, 0.1033240482211113, 0.09012283384799957, 0.1061583086848259, 0.13255079090595245, 0.14604540169239044, 0.15089286863803864], "fbar200m": [0.12862487137317657, 0.13383489847183228, 0.12192919105291367, 0.09810839593410492, 0.07620353251695633, 0.08385048061609268, 0.1111345961689949, 0.13371814787387848, 0.14355504512786865], "fbar100c": [0.13132718205451965, 0.1328040361404419, 0.12145305424928665, 0.09835492074489594, 0.07981736212968826, 0.09125469624996185, 0.11951762437820435, 0.1384574919939041, 0.14596834778785706], "fbar200c": [0.12789355218410492, 0.1355985552072525, 0.1231529638171196, 0.0989009290933609, 0.07503137737512589, 0.08025691658258438, 0.10618552565574646, 0.13066957890987396, 0.1423128843307495], "fbar500c": [0.13412520289421082, 0.14929285645484924, 0.13339704275131226, 0.10748770087957382, 0.07636789232492447, 0.07197856158018112, 0.08927669376134872, 0.11543634533882141, 0.13493581116199493], "fbar1000c": [0.13570882380008698, 0.16436679661273956, 0.14848783612251282, 0.12109487503767014, 0.08362597972154617, 0.07156544923782349, 0.08044130355119705, 0.10192515701055527, 0.12512464821338654], "fbar2500c": [0.1451759785413742, 0.1915397047996521, 0.17733953893184662, 0.15049779415130615, 0.1048947423696518, 0.08253403753042221, 0.08009706437587738, 0.09042032808065414, 0.10939345508813858], "fbar5x500c": [0.14353851974010468, 0.14831623435020447, 0.14159056544303894, 0.12592463195323944, 0.12172747403383255, 0.13820518553256989, 0.15166568756103516, 0.15533068776130676, 0.15626837313175201]}