{"m500c": [10.75, 11.25, 11.75, 12.25, 12.75, 13.25, 13.75, 14.25, 14.75], "fbar50c": [0.12228023260831833, 0.129204660654068, 0.12323739379644394, 0.09373784065246582, 0.07228771597146988, 0.08354071527719498, 0.1128648966550827, 0.13543711602687836, 0.14437516033649445], "fbar200m": [0.10314430296421051, 0.12682560086250305, 0.12277356535196304, 0.09287076443433762, 0.0660194605588913, 0.07046312838792801, 0.0959022045135498, 0.12482652813196182, 0.13844069838523865], "fbar100c": [0.10735125094652176, 0.12671039998531342, 0.12230588495731354, 0.09245903044939041, 0.0666852667927742, 0.0725627914071083, 0.09917774051427841, 0.12703914940357208, 0.13939012587070465], "fbar200c": [0.09122761338949203, 0.12915478646755219, 0.1259458214044571, 0.09577256441116333, 0.06555768102407455, 0.06547912955284119, 0.08637581765651703, 0.11686411499977112, 0.13521793484687805], "fbar500c": [0.08104830980300903, 0.1406664103269577, 0.1379925012588501, 0.10718762874603271, 0.07040604203939438, 0.06214151158928871, 0.07304535061120987, 0.09930241852998734, 0.12495642155408859], "fbar1000c": [0.07859669625759125, 0.15287069976329803, 0.1532638967037201, 0.12233943492174149, 0.07967744022607803, 0.06519748270511627, 0.0683027133345604, 0.08693772554397583, 0.11283576488494873], "fbar2500c": [0.08133379369974136, 0.17440110445022583, 0.18022668361663818, 0.15189136564731598, 0.10215991735458374, 0.0795210674405098, 0.07316523045301437, 0.07999926805496216, 0.09852729737758636], "fbar5x500c": [0.13081876933574677, 0.1433396190404892, 0.13706080615520477, 0.11063262820243835, 0.09833557158708572, 0.11583678424358368, 0.13915890455245972, 0.14932097494602203, 0.15186823904514313]}