{"m500c": [10.75, 11.25, 11.75, 12.25, 12.75, 13.25, 13.75, 14.25, 14.75], "fbar50c": [0.13891711831092834, 0.1385507732629776, 0.13061651587486267, 0.12037356197834015, 0.12357724457979202, 0.13978999853134155, 0.1477435827255249, 0.15092399716377258, 0.1526208370923996], "fbar200m": [0.12894804775714874, 0.1383783221244812, 0.1291363686323166, 0.11276736855506897, 0.10493006557226181, 0.12268140912055969, 0.137337788939476, 0.1439768224954605, 0.1471235603094101], "fbar100c": [0.131662055850029, 0.13675472140312195, 0.12806597352027893, 0.11388683319091797, 0.11107522249221802, 0.12937358021736145, 0.1413596123456955, 0.14626552164554596, 0.14871633052825928], "fbar200c": [0.12794612348079681, 0.14049741625785828, 0.130762979388237, 0.11315840482711792, 0.10212688893079758, 0.11868379265069962, 0.13465873897075653, 0.14269022643566132, 0.14653290808200836], "fbar500c": [0.13458466529846191, 0.15564250946044922, 0.14279073476791382, 0.12108954042196274, 0.09803057461977005, 0.10566201061010361, 0.1222589984536171, 0.13526123762130737, 0.14327329397201538], "fbar1000c": [0.13745567202568054, 0.1717633306980133, 0.1595340520143509, 0.1350184828042984, 0.10276377201080322, 0.10060421377420425, 0.11252761632204056, 0.12644612789154053, 0.13744473457336426], "fbar2500c": [0.14591477811336517, 0.20048777759075165, 0.19089092314243317, 0.16609114408493042, 0.12296047806739807, 0.10731610655784607, 0.10796257853507996, 0.1152411624789238, 0.125187948346138], "fbar5x500c": [0.14398059248924255, 0.14994148910045624, 0.14613492786884308, 0.1427612155675888, 0.1483088582754135, 0.15456262230873108, 0.1561979055404663, 0.15665946900844574, 0.15688766539096832]}