{"m500c": [10.75, 11.25, 11.75, 12.25, 12.75, 13.25, 13.75, 14.25, 14.75], "fstar50c": [0.0004996960633434355, 0.017100809141993523, 0.032798849046230316, 0.03454586863517761, 0.025149308145046234, 0.02049768529832363, 0.01824216917157173, 0.01729580946266651, 0.01739370822906494], "fstar200m": [0.00037499971222132444, 0.021125467494130135, 0.04005313664674759, 0.042446982115507126, 0.03058732859790325, 0.024295412003993988, 0.02100474387407303, 0.01910441927611828, 0.018725642934441566], "fstar100c": [0.00041489378781989217, 0.020226171240210533, 0.03847431764006615, 0.04065985605120659, 0.02931709960103035, 0.02338682860136032, 0.020322591066360474, 0.018631715327501297, 0.01839611306786537], "fstar200c": [0.00033390405587852, 0.024192441254854202, 0.04529612883925438, 0.048570409417152405, 0.0350382924079895, 0.027479128912091255, 0.02338479831814766, 0.0207993034273386, 0.019946523010730743], "fstar500c": [0.0003186289395671338, 0.030967863276600838, 0.056530553847551346, 0.0626654326915741, 0.0458291620016098, 0.035226136445999146, 0.029264697805047035, 0.025430362671613693, 0.023502174764871597], "fstar1000c": [0.00037392781814560294, 0.03642386198043823, 0.06734531372785568, 0.0772622674703598, 0.05776042491197586, 0.044010408222675323, 0.03596071898937225, 0.030811235308647156, 0.02794536203145981], "fstar2500c": [0.0004459777264855802, 0.04494534060359001, 0.08508393913507462, 0.10264984518289566, 0.08112676441669464, 0.06261064112186432, 0.050552982836961746, 0.04285343363881111, 0.03901016712188721], "fstar5x500c": [0.0006221384974196553, 0.012077415362000465, 0.02293349616229534, 0.02545878291130066, 0.020052876323461533, 0.017385447397828102, 0.016128579154610634, 0.015720613300800323, 0.01599806547164917]}