{"m500c": [10.75, 11.25, 11.75, 12.25, 12.75, 13.25, 13.75, 14.25, 14.75, 15.25], "fstar50c": [0.0005252908449620008, 0.020484836772084236, 0.034478187561035156, 0.03596709296107292, 0.02552778832614422, 0.020051779225468636, 0.017413819208741188, 0.016332093626260757, 0.01587619259953499, 0.016027869656682014], "fstar200m": [0.000522030983120203, 0.021366585046052933, 0.035875074565410614, 0.03748754784464836, 0.026602311059832573, 0.020827598869800568, 0.017946377396583557, 0.01670609414577484, 0.016151489689946175, 0.01631162501871586], "fstar100c": [0.0004853236605413258, 0.023832285776734352, 0.039683468639850616, 0.04177050292491913, 0.029684409499168396, 0.023101387545466423, 0.019513795152306557, 0.017773596569895744, 0.01691119745373726, 0.016989273950457573], "fstar200c": [0.00037548106047324836, 0.02795376069843769, 0.04587230831384659, 0.04908154904842377, 0.03509701043367386, 0.027092240750789642, 0.022357052192091942, 0.019746018573641777, 0.018437553197145462, 0.018048778176307678], "fstar500c": [0.0003605191013775766, 0.03467415273189545, 0.05602577328681946, 0.061944421380758286, 0.04520472139120102, 0.03475341945886612, 0.02815687283873558, 0.023951562121510506, 0.02170417085289955, 0.020261283963918686], "fstar1000c": [0.00041653800872154534, 0.039959631860256195, 0.06559595465660095, 0.07486268877983093, 0.05608704686164856, 0.04328577220439911, 0.034848444163799286, 0.02905098907649517, 0.02574348635971546, 0.023728013038635254], "fstar2500c": [0.0004488622071221471, 0.04760793223977089, 0.0803883820772171, 0.0960678905248642, 0.07580867409706116, 0.060010239481925964, 0.048686202615499496, 0.040290482342243195, 0.03493481129407883, 0.03268900886178017], "fstar5x500c": [0.0006247290293686092, 0.014653345569968224, 0.02457387186586857, 0.02654467523097992, 0.019842911511659622, 0.01652836613357067, 0.015201771631836891, 0.014742705971002579, 0.01464055385440588, 0.014796806499361992]}