{"m500c": [10.75, 11.25, 11.75, 12.25, 12.75, 13.25, 13.75, 14.25, 14.75], "fstar50c": [0.0006349754403345287, 0.014045478776097298, 0.025851605460047722, 0.02696290984749794, 0.020419761538505554, 0.016827503219246864, 0.015077700838446617, 0.014530944637954235, 0.014677166007459164], "fstar200m": [0.00046176603063941, 0.017514580860733986, 0.03181273490190506, 0.03327837586402893, 0.024906951934099197, 0.02004222571849823, 0.017398066818714142, 0.0160972960293293, 0.0158577561378479], "fstar100c": [0.00046405376633629203, 0.01672358810901642, 0.0305040143430233, 0.031845394521951675, 0.023860059678554535, 0.019274037331342697, 0.01681891642510891, 0.015703001990914345, 0.015552390366792679], "fstar200c": [0.00038376403972506523, 0.02022363804280758, 0.03608962520956993, 0.03810591623187065, 0.028494063764810562, 0.022686287760734558, 0.019407356157898903, 0.017541561275720596, 0.016969148069620132], "fstar500c": [0.00046294566709548235, 0.026316102594137192, 0.04535886272788048, 0.04929216951131821, 0.037199828773736954, 0.029101938009262085, 0.02443440817296505, 0.021454453468322754, 0.020035438239574432], "fstar1000c": [0.0005240453756414354, 0.031148236244916916, 0.054394472390413284, 0.0609399750828743, 0.046799350529909134, 0.036316584795713425, 0.030111270025372505, 0.026080917567014694, 0.023939257487654686], "fstar2500c": [0.0006218136404640973, 0.0385788194835186, 0.0692293792963028, 0.0812733843922615, 0.06538613885641098, 0.05125098302960396, 0.04216976463794708, 0.036314256489276886, 0.03274549916386604], "fstar5x500c": [0.0006757346563972533, 0.009987167082726955, 0.017985882237553596, 0.019787156954407692, 0.01615237258374691, 0.0141568249091506, 0.013307596556842327, 0.013165024109184742, 0.013390375301241875]}