{"m500c": [10.75, 11.25, 11.75, 12.25, 12.75, 13.25, 13.75, 14.25, 14.75, 15.25], "fstar50c": [0.0019547250121831894, 0.033379703760147095, 0.044110238552093506, 0.03411564975976944, 0.023639535531401634, 0.02101595140993595, 0.01886148564517498, 0.01737043634057045, 0.01661953330039978, 0.016478531062602997], "fstar200m": [0.0020820593927055597, 0.03470563143491745, 0.04571565240621567, 0.03543785959482193, 0.024534454569220543, 0.02174762822687626, 0.019394736737012863, 0.017728863283991814, 0.016889018937945366, 0.016690606251358986], "fstar100c": [0.0023317199666053057, 0.03837018460035324, 0.050028301775455475, 0.039159227162599564, 0.027114374563097954, 0.023852165788412094, 0.0209343358874321, 0.01877942867577076, 0.017682326957583427, 0.017283469438552856], "fstar200c": [0.0027883113361895084, 0.044439561665058136, 0.05691448971629143, 0.04549376666545868, 0.031641654670238495, 0.027577534317970276, 0.023729465901851654, 0.02074916660785675, 0.01912957988679409, 0.01862131617963314], "fstar500c": [0.0037449935916811228, 0.05408882722258568, 0.06792112439870834, 0.056442856788635254, 0.039939407259225845, 0.03467775881290436, 0.02937483601272106, 0.02492273971438408, 0.022332658991217613, 0.021191608160734177], "fstar1000c": [0.004118713550269604, 0.0613410621881485, 0.07803241908550262, 0.06716462969779968, 0.04859520122408867, 0.04243720322847366, 0.03583807125687599, 0.029906239360570908, 0.02619946002960205, 0.024719616398215294], "fstar2500c": [0.0044752382673323154, 0.07133447378873825, 0.09317854791879654, 0.0840369388461113, 0.06369855999946594, 0.05703139677643776, 0.04883794113993645, 0.04061518982052803, 0.03500627353787422, 0.03243723139166832], "fstar5x500c": [0.0018110772361978889, 0.02408318780362606, 0.03193468973040581, 0.02583502233028412, 0.01898515224456787, 0.017605377361178398, 0.016528688371181488, 0.015792997553944588, 0.015426077879965305, 0.0155071085318923]}