{"m500c": [9.75, 10.25, 10.75, 11.25, 11.75, 12.25, 12.75, 13.25, 13.75, 14.25, 14.75, 15.25], "fbar50c": [0.06636475771665573, 0.06450818479061127, 0.04078250378370285, 0.06735267490148544, 0.09249460697174072, 0.06802047044038773, 0.07304403185844421, 0.1101888120174408, 0.13912001252174377, 0.1470949351787567, 0.14956916868686676, 0.1509328931570053], "fbar200m": [0.060873109847307205, 0.05994541570544243, 0.03899463266134262, 0.06582610309123993, 0.09212202578783035, 0.06734855473041534, 0.07071347534656525, 0.10658169537782669, 0.13746008276939392, 0.1467258483171463, 0.1496276706457138, 0.15122732520103455], "fbar100c": [0.04947267845273018, 0.04968865215778351, 0.03588047996163368, 0.06348802894353867, 0.09276414662599564, 0.06715841591358185, 0.0661369189620018, 0.09733228385448456, 0.13191859424114227, 0.1451713591814041, 0.14955246448516846, 0.15256322920322418], "fbar200c": [0.03903152421116829, 0.039273083209991455, 0.034123193472623825, 0.0633559376001358, 0.0972503200173378, 0.07028687745332718, 0.06296005100011826, 0.08536142110824585, 0.12078920006752014, 0.14032240211963654, 0.14780887961387634, 0.15368014574050903], "fbar500c": [0.03577705845236778, 0.034071218222379684, 0.03511033579707146, 0.0680471658706665, 0.1096469983458519, 0.08069035410881042, 0.06545167416334152, 0.07539151608943939, 0.1037348210811615, 0.1285821497440338, 0.14142046868801117, 0.14972113072872162], "fbar1000c": [0.03447689488530159, 0.03390344977378845, 0.037445370107889175, 0.07477296888828278, 0.12435387074947357, 0.09409638494253159, 0.07333990186452866, 0.07470865547657013, 0.09366640448570251, 0.11717070639133453, 0.13267302513122559, 0.140935018658638], "fbar2500c": [0.03395537659525871, 0.036551039665937424, 0.041600972414016724, 0.08653049916028976, 0.15107518434524536, 0.1205199807882309, 0.09370952844619751, 0.08581193536520004, 0.09098567813634872, 0.10531733185052872, 0.11848382651805878, 0.12832459807395935], "fbar5x500c": [0.07759111374616623, 0.09937027841806412, 0.0702221542596817, 0.09496814012527466, 0.10977493226528168, 0.08640310168266296, 0.09968000650405884, 0.1349165290594101, 0.14979612827301025, 0.15309768915176392, 0.1544276773929596, 0.15504509210586548]}