{"m500c": [10.75, 11.25, 11.75, 12.25, 12.75, 13.25, 13.75, 14.25, 14.75], "fbar50c": [0.13502833247184753, 0.13038261234760284, 0.12654031813144684, 0.10435939580202103, 0.08967198431491852, 0.09963341802358627, 0.12227028608322144, 0.13915634155273438, 0.14665287733078003], "fbar200m": [0.12513989210128784, 0.13208052515983582, 0.12760229408740997, 0.09929978102445602, 0.0767187550663948, 0.08139117807149887, 0.10412398725748062, 0.1266985535621643, 0.13780328631401062], "fbar100c": [0.12730282545089722, 0.12935763597488403, 0.12550944089889526, 0.09982285648584366, 0.08052089810371399, 0.0875450149178505, 0.1108298972249031, 0.1311120092868805, 0.14055785536766052], "fbar200c": [0.12416008114814758, 0.13502930104732513, 0.12982013821601868, 0.09981157630681992, 0.07512913644313812, 0.07823336869478226, 0.10023897886276245, 0.12414764612913132, 0.13646169006824493], "fbar500c": [0.13023200631141663, 0.15315304696559906, 0.1437949538230896, 0.10687293112277985, 0.07349159568548203, 0.06969446688890457, 0.08625940978527069, 0.1123858168721199, 0.13032083213329315], "fbar1000c": [0.13164037466049194, 0.17006662487983704, 0.16142861545085907, 0.11904812604188919, 0.07739684730768204, 0.06755668669939041, 0.07786467671394348, 0.10137038677930832, 0.1215682178735733], "fbar2500c": [0.14036108553409576, 0.19784772396087646, 0.19284074008464813, 0.14638864994049072, 0.09309816360473633, 0.07481285184621811, 0.07571418583393097, 0.0906510204076767, 0.10631566494703293], "fbar5x500c": [0.1405497044324875, 0.1441916823387146, 0.14056114852428436, 0.1231725886464119, 0.11556700617074966, 0.12749405205249786, 0.1437796801328659, 0.15186235308647156, 0.1544138789176941]}