{"m500c": [10.75, 11.25, 11.75, 12.25, 12.75, 13.25, 13.75, 14.25, 14.75, 15.25], "fbar50c": [0.09135378152132034, 0.09631678462028503, 0.08993856608867645, 0.07631311565637589, 0.06632132828235626, 0.09731272608041763, 0.1308184564113617, 0.1418779045343399, 0.14542220532894135, 0.14747044444084167], "fbar200m": [0.0843379870057106, 0.0955938994884491, 0.08959493041038513, 0.07572683691978455, 0.06402833014726639, 0.09305188059806824, 0.12819397449493408, 0.140987366437912, 0.14522162079811096, 0.147512748837471], "fbar100c": [0.07039874792098999, 0.09555454552173615, 0.09027707576751709, 0.07585388422012329, 0.06063615903258324, 0.08474524319171906, 0.12186131626367569, 0.13873451948165894, 0.1447392851114273, 0.14849594235420227], "fbar200c": [0.055561214685440063, 0.09882616251707077, 0.09441821277141571, 0.07909653335809708, 0.05853499099612236, 0.07400903850793839, 0.11009465903043747, 0.1331918090581894, 0.14281603693962097, 0.1490849256515503], "fbar500c": [0.052303098142147064, 0.10832765698432922, 0.10499792546033859, 0.08909692615270615, 0.06141330301761627, 0.06538796424865723, 0.09342958778142929, 0.12133357673883438, 0.13701622188091278, 0.14604681730270386], "fbar1000c": [0.05277909338474274, 0.1169496476650238, 0.11663807928562164, 0.10153733193874359, 0.06821629405021667, 0.06448819488286972, 0.08335630595684052, 0.10981407761573792, 0.12909601628780365, 0.14051029086112976], "fbar2500c": [0.05568429082632065, 0.13075025379657745, 0.13519811630249023, 0.12387555837631226, 0.08406603336334229, 0.07205934822559357, 0.07839290797710419, 0.09620002657175064, 0.11438033729791641, 0.12579767405986786], "fbar5x500c": [0.10782675445079803, 0.11249568313360214, 0.10625947266817093, 0.0932050570845604, 0.09227149933576584, 0.12582260370254517, 0.14542751014232635, 0.15010571479797363, 0.15185317397117615, 0.15253503620624542]}