{"m500c": [10.75, 11.25, 11.75, 12.25, 12.75, 13.25, 13.75, 14.25, 14.75], "fbar50c": [0.12777309119701385, 0.13844271004199982, 0.1469883918762207, 0.15135298669338226, 0.1512613594532013, 0.15108010172843933, 0.15144653618335724, 0.15228508412837982, 0.15358224511146545], "fbar200m": [0.08479291945695877, 0.10416986048221588, 0.12453930079936981, 0.14188651740550995, 0.14672887325286865, 0.14784875512123108, 0.14813192188739777, 0.14829672873020172, 0.1487954556941986], "fbar100c": [0.10321460664272308, 0.11950337886810303, 0.13494379818439484, 0.14599727094173431, 0.148119255900383, 0.14830870926380157, 0.14844484627246857, 0.14885500073432922, 0.1500418335199356], "fbar200c": [0.07396092265844345, 0.09447780251502991, 0.11756565421819687, 0.13895127177238464, 0.14570116996765137, 0.1476234644651413, 0.14822204411029816, 0.14841106534004211, 0.14854510128498077], "fbar500c": [0.046676333993673325, 0.05766317993402481, 0.08812323957681656, 0.12333343923091888, 0.13914787769317627, 0.14538328349590302, 0.1481235921382904, 0.14905577898025513, 0.14918266236782074], "fbar1000c": [0.03827871009707451, 0.038373854011297226, 0.06368735432624817, 0.10560867935419083, 0.12970516085624695, 0.14077769219875336, 0.14581698179244995, 0.14794425666332245, 0.14922469854354858], "fbar2500c": [0.03236570581793785, 0.030689937993884087, 0.03918991610407829, 0.0760093480348587, 0.10791944712400436, 0.12595263123512268, 0.1346338987350464, 0.1383742094039917, 0.1423734575510025], "fbar5x500c": [0.13580530881881714, 0.15424174070358276, 0.15709099173545837, 0.15744413435459137, 0.1573236733675003, 0.157288059592247, 0.15739047527313232, 0.15757335722446442, 0.15770675241947174]}