{"m500c": [10.75, 11.25, 11.75, 12.25, 12.75, 13.25, 13.75, 14.25, 14.75, 15.25], "fbar50c": [0.09210169315338135, 0.09748455882072449, 0.09019540250301361, 0.07743879407644272, 0.06812416762113571, 0.09907837212085724, 0.13072825968265533, 0.1411433070898056, 0.14440079033374786, 0.14634576439857483], "fbar200m": [0.08623195439577103, 0.0966840609908104, 0.08978724479675293, 0.07681480050086975, 0.06600122898817062, 0.09545490145683289, 0.12861289083957672, 0.14049005508422852, 0.14414353668689728, 0.14654132723808289], "fbar100c": [0.0706590935587883, 0.09608734399080276, 0.0902300626039505, 0.07665817439556122, 0.06191377341747284, 0.08635767549276352, 0.12204668670892715, 0.13826996088027954, 0.14353755116462708, 0.1471949815750122], "fbar200c": [0.05399812012910843, 0.09859243035316467, 0.09412991255521774, 0.07966785877943039, 0.05940423160791397, 0.07520671933889389, 0.11035098135471344, 0.132878378033638, 0.14199590682983398, 0.1474616676568985], "fbar500c": [0.04732837900519371, 0.10720057040452957, 0.10462837666273117, 0.08962387591600418, 0.0620378740131855, 0.06601960211992264, 0.09345244616270065, 0.12094725668430328, 0.13628898561000824, 0.14296463131904602], "fbar1000c": [0.04743577912449837, 0.11565487086772919, 0.1165233924984932, 0.10236057639122009, 0.06899070739746094, 0.06496883183717728, 0.08320780843496323, 0.10921531915664673, 0.12750402092933655, 0.1346704661846161], "fbar2500c": [0.04942276328802109, 0.12964947521686554, 0.1357998549938202, 0.1256897747516632, 0.08556461334228516, 0.07294951379299164, 0.07855401188135147, 0.09562038630247116, 0.11235654354095459, 0.11881794780492783], "fbar5x500c": [0.10906161367893219, 0.11391018331050873, 0.10668238252401352, 0.09475059062242508, 0.09443320333957672, 0.12662938237190247, 0.14468513429164886, 0.1491166651248932, 0.15083268284797668, 0.15159514546394348]}