{"m500c": [10.75, 11.25, 11.75, 12.25, 12.75, 13.25, 13.75, 14.25, 14.75], "fbar50c": [0.14087414741516113, 0.14179737865924835, 0.13486085832118988, 0.12114564329385757, 0.11444920301437378, 0.1331801861524582, 0.14785750210285187, 0.15297706425189972, 0.155426025390625], "fbar200m": [0.12840037047863007, 0.14064082503318787, 0.13231925666332245, 0.11454351246356964, 0.09658711403608322, 0.11179453879594803, 0.13441108167171478, 0.1452634185552597, 0.14830532670021057], "fbar100c": [0.1323307454586029, 0.13955771923065186, 0.13175031542778015, 0.1152244433760643, 0.10174573212862015, 0.11948734521865845, 0.13958807289600372, 0.14786642789840698, 0.15084218978881836], "fbar200c": [0.12644246220588684, 0.14260141551494598, 0.13378776609897614, 0.115272656083107, 0.09425012022256851, 0.10699692368507385, 0.13055990636348724, 0.14336633682250977, 0.14710935950279236], "fbar500c": [0.12833385169506073, 0.156699076294899, 0.14508119225502014, 0.12445046007633209, 0.09331173449754715, 0.09458047151565552, 0.11534443497657776, 0.13413012027740479, 0.1436809003353119], "fbar1000c": [0.12933695316314697, 0.17286841571331024, 0.16178376972675323, 0.1395294964313507, 0.10056399554014206, 0.09127434343099594, 0.10482034087181091, 0.12415672093629837, 0.13969174027442932], "fbar2500c": [0.1373709887266159, 0.20252633094787598, 0.19405126571655273, 0.17264088988304138, 0.12437686324119568, 0.10164103657007217, 0.10180891305208206, 0.11312255263328552, 0.12923556566238403], "fbar5x500c": [0.14598938822746277, 0.15294401347637177, 0.14976190030574799, 0.14230148494243622, 0.1433223932981491, 0.15397532284259796, 0.15776078402996063, 0.15847137570381165, 0.15860433876514435]}