{"m500c": [10.75, 11.25, 11.75, 12.25, 12.75, 13.25, 13.75, 14.25, 14.75], "fbar50c": [0.12456759065389633, 0.13065624237060547, 0.12388980388641357, 0.09258033335208893, 0.07104172557592392, 0.08244307339191437, 0.11346341669559479, 0.1380065381526947, 0.1469031423330307], "fbar200m": [0.10711653530597687, 0.12909924983978271, 0.12408632785081863, 0.09227441251277924, 0.06537136435508728, 0.06968618184328079, 0.09606041014194489, 0.1270647495985031, 0.14168578386306763], "fbar100c": [0.11032788455486298, 0.12876790761947632, 0.12345807254314423, 0.09175100922584534, 0.06592829525470734, 0.07172520458698273, 0.0994386225938797, 0.1294170469045639, 0.14256316423416138], "fbar200c": [0.09776360541582108, 0.13217665255069733, 0.12772956490516663, 0.09545822441577911, 0.0651874989271164, 0.06499789655208588, 0.08643890917301178, 0.11866818368434906, 0.13816146552562714], "fbar500c": [0.08988756686449051, 0.14503248035907745, 0.1405261754989624, 0.10726282000541687, 0.07042553275823593, 0.062126364558935165, 0.07316195964813232, 0.10049548000097275, 0.1263304054737091], "fbar1000c": [0.08716357499361038, 0.15773490071296692, 0.15602917969226837, 0.12250395864248276, 0.07979185879230499, 0.06549090147018433, 0.06861373782157898, 0.08788082003593445, 0.11359738558530807], "fbar2500c": [0.08962107449769974, 0.17933052778244019, 0.18273243308067322, 0.15161360800266266, 0.10188591480255127, 0.0798124149441719, 0.07342784106731415, 0.08063054084777832, 0.09831780195236206], "fbar5x500c": [0.13331301510334015, 0.1453256458044052, 0.13798154890537262, 0.10924339294433594, 0.09680768102407455, 0.11546017974615097, 0.1410372257232666, 0.15237940847873688, 0.15541736781597137]}