{"m500c": [10.75, 11.25, 11.75, 12.25, 12.75, 13.25, 13.75, 14.25, 14.75], "fbar50c": [0.1387113481760025, 0.13867443799972534, 0.13179068267345428, 0.11735799908638, 0.1099381074309349, 0.12959378957748413, 0.14476674795150757, 0.14989010989665985, 0.1521640121936798], "fbar200m": [0.1269867718219757, 0.13774259388446808, 0.1297331154346466, 0.11161214113235474, 0.09263823181390762, 0.1081005111336708, 0.13129602372646332, 0.14198918640613556, 0.14683948457241058], "fbar100c": [0.13054321706295013, 0.13648629188537598, 0.12895050644874573, 0.11200089007616043, 0.09769345819950104, 0.11603761464357376, 0.13666237890720367, 0.14467713236808777, 0.1484510898590088], "fbar200c": [0.12550951540470123, 0.13965953886508942, 0.13119450211524963, 0.1124451532959938, 0.09064332395792007, 0.10367801785469055, 0.12768851220607758, 0.14035053551197052, 0.14612653851509094], "fbar500c": [0.1311025619506836, 0.1539916694164276, 0.14254917204380035, 0.12175127863883972, 0.09002102166414261, 0.09139376878738403, 0.11256315559148788, 0.13128924369812012, 0.14215689897537231], "fbar1000c": [0.13255873322486877, 0.1697847545146942, 0.15889576077461243, 0.13660655915737152, 0.09717616438865662, 0.08815741539001465, 0.10207288712263107, 0.12047820538282394, 0.13656699657440186], "fbar2500c": [0.14189696311950684, 0.1983950138092041, 0.1900331825017929, 0.1687983125448227, 0.1201857477426529, 0.09786559641361237, 0.0985572412610054, 0.10849737375974655, 0.12701834738254547], "fbar5x500c": [0.1431976705789566, 0.15013280510902405, 0.14681489765644073, 0.13852433860301971, 0.1393776535987854, 0.1509203016757965, 0.15509355068206787, 0.1559896618127823, 0.1562040150165558]}