{"m500c": [10.75, 11.25, 11.75, 12.25, 12.75, 13.25, 13.75, 14.25, 14.75], "fbar50c": [0.12846586108207703, 0.12710897624492645, 0.11757467687129974, 0.10257745534181595, 0.09438825398683548, 0.12046469748020172, 0.14279748499393463, 0.1499963104724884, 0.15291692316532135], "fbar200m": [0.10909558087587357, 0.12418288737535477, 0.11497101187705994, 0.09811272472143173, 0.08179503679275513, 0.10322775691747665, 0.13232150673866272, 0.1449461281299591, 0.14937475323677063], "fbar100c": [0.11305630207061768, 0.12415958195924759, 0.1148759126663208, 0.09832225739955902, 0.08358720690011978, 0.10636036098003387, 0.13447214663028717, 0.1457897126674652, 0.14966773986816406], "fbar200c": [0.09673086553812027, 0.12641531229019165, 0.11721152812242508, 0.09935684502124786, 0.07769617438316345, 0.09334709495306015, 0.12383437156677246, 0.14135481417179108, 0.14842329919338226], "fbar500c": [0.08525897562503815, 0.1378193348646164, 0.1279265135526657, 0.10853797942399979, 0.0778103619813919, 0.08083218336105347, 0.10607544332742691, 0.1302461475133896, 0.1432587057352066], "fbar1000c": [0.08170128613710403, 0.15031884610652924, 0.14248815178871155, 0.12248891592025757, 0.0847606509923935, 0.07789578288793564, 0.09447389096021652, 0.11799623817205429, 0.13516660034656525], "fbar2500c": [0.08470411598682404, 0.17239931225776672, 0.16885699331760406, 0.1513771414756775, 0.1053021028637886, 0.08692368119955063, 0.08998800069093704, 0.10398662835359573, 0.12051132321357727], "fbar5x500c": [0.1374160498380661, 0.14326727390289307, 0.13702718913555145, 0.12636789679527283, 0.12708356976509094, 0.14701996743679047, 0.1559545248746872, 0.1579820066690445, 0.15843507647514343]}