{"m500c": [10.75, 11.25, 11.75, 12.25, 12.75, 13.25, 13.75, 14.25, 14.75], "fstar50c": [0.0003947580116800964, 0.01496213860809803, 0.027943454682826996, 0.031318698078393936, 0.02371377684175968, 0.01915433071553707, 0.017226189374923706, 0.01648009940981865, 0.016752658411860466], "fstar200m": [0.0002814386389218271, 0.01857699267566204, 0.03438270092010498, 0.03866761922836304, 0.02904926985502243, 0.02278939075767994, 0.01963750459253788, 0.018080152571201324, 0.017927993088960648], "fstar100c": [0.0002968704793602228, 0.017808686941862106, 0.03305172547698021, 0.03709068149328232, 0.027865136042237282, 0.021939750760793686, 0.019052227959036827, 0.01769242063164711, 0.017711332067847252], "fstar200c": [0.00025513378204777837, 0.021474165841937065, 0.039258114993572235, 0.04461505264043808, 0.03360828384757042, 0.026103274896740913, 0.021982697769999504, 0.019672490656375885, 0.01915893331170082], "fstar500c": [0.0002742127107921988, 0.027773534879088402, 0.04956834390759468, 0.05803556367754936, 0.04442550987005234, 0.034121058881282806, 0.027917396277189255, 0.023921022191643715, 0.022418230772018433], "fstar1000c": [0.0003254716284573078, 0.03291564807295799, 0.05963196977972984, 0.07194090634584427, 0.056376587599515915, 0.043174780905246735, 0.03487921133637428, 0.029162004590034485, 0.026697127148509026], "fstar2500c": [0.00037939782487228513, 0.040982700884342194, 0.07628798484802246, 0.09614766389131546, 0.07963345944881439, 0.06215030699968338, 0.050096508115530014, 0.041333239525556564, 0.0372408926486969], "fstar5x500c": [0.0004335652047302574, 0.010549859143793583, 0.019455106928944588, 0.022925088182091713, 0.018710805103182793, 0.016246391460299492, 0.015298531390726566, 0.014897423796355724, 0.015251660719513893]}