{"m500c": [9.75, 10.25, 10.75, 11.25, 11.75, 12.25, 12.75, 13.25, 13.75, 14.25, 14.75, 15.25], "fstar50c": [0.00030314770992845297, 0.0016269504558295012, 0.007962638512253761, 0.018353383988142014, 0.04507003724575043, 0.039137959480285645, 0.02903067134320736, 0.02465921640396118, 0.022526497021317482, 0.02160986326634884, 0.020863063633441925, 0.02021735906600952], "fstar200m": [0.00032261127489618957, 0.0017337158787995577, 0.008286264725029469, 0.019077664241194725, 0.04678451642394066, 0.04069724678993225, 0.030160661786794662, 0.02554771490395069, 0.023163646459579468, 0.022069275379180908, 0.021214701235294342, 0.020527901127934456], "fstar100c": [0.0004158200463280082, 0.0020446013659238815, 0.009138847701251507, 0.02101018652319908, 0.05146621912717819, 0.045076146721839905, 0.033384375274181366, 0.028071220964193344, 0.024988098070025444, 0.023410776630043983, 0.022257262840867043, 0.02118481881916523], "fstar200c": [0.0005537195247597992, 0.0025876201689243317, 0.010472198016941547, 0.024131005629897118, 0.0592263787984848, 0.052655529230833054, 0.039094842970371246, 0.032581429928541183, 0.02837938256561756, 0.025935837998986244, 0.024180132895708084, 0.02294999174773693], "fstar500c": [0.0007466694805771112, 0.0034461014438420534, 0.012501287274062634, 0.02934635989367962, 0.07256138324737549, 0.06641901284456253, 0.0499567985534668, 0.04141048341989517, 0.035364922136068344, 0.031191695481538773, 0.028270235285162926, 0.02618448995053768], "fstar1000c": [0.0008149098721332848, 0.0038729512598365545, 0.014116126112639904, 0.034328363835811615, 0.08578569442033768, 0.08093341439962387, 0.06198696419596672, 0.051325906068086624, 0.04338616877794266, 0.03742996230721474, 0.03312766179442406, 0.03068653494119644], "fstar2500c": [0.0008471397450193763, 0.0042941938154399395, 0.016042586416006088, 0.04218527674674988, 0.10827917605638504, 0.10731618106365204, 0.08560162037611008, 0.07153449952602386, 0.06010580062866211, 0.05098216235637665, 0.04410802945494652, 0.03946991264820099], "fstar5x500c": [0.00028554239543154836, 0.001149068004451692, 0.0055411942303180695, 0.01285555586218834, 0.032486941665410995, 0.02935083955526352, 0.02294429950416088, 0.020510192960500717, 0.019705286249518394, 0.01946600340306759, 0.01916923001408577, 0.018987953662872314]}