{"m500c": [10.75, 11.25, 11.75, 12.25, 12.75, 13.25, 13.75, 14.25, 14.75], "fstar50c": [0.0004937784397043288, 0.01378639042377472, 0.02676274999976158, 0.03110644780099392, 0.024458689615130424, 0.020270032808184624, 0.01835918426513672, 0.01771697774529457, 0.01809169165790081], "fstar200m": [0.00025559074128977954, 0.01858382858335972, 0.03552429750561714, 0.04131267964839935, 0.031848181039094925, 0.025346746668219566, 0.02182059735059738, 0.019965672865509987, 0.019709527492523193], "fstar100c": [0.00025622808607295156, 0.01646205224096775, 0.031740572303533554, 0.03673580661416054, 0.028392819687724113, 0.022872691974043846, 0.02006419003009796, 0.018788889050483704, 0.019061436876654625], "fstar200c": [0.00025377923157066107, 0.020001595839858055, 0.03797072172164917, 0.044365767389535904, 0.034218013286590576, 0.027070071548223495, 0.023105740547180176, 0.02081366442143917, 0.02027973346412182], "fstar500c": [0.00024938880233094096, 0.02630937471985817, 0.04849182069301605, 0.05825864151120186, 0.045538414269685745, 0.035329170525074005, 0.029330331832170486, 0.02541734278202057, 0.02338685281574726], "fstar1000c": [0.0003107746597379446, 0.03151756897568703, 0.05886692553758621, 0.07287288457155228, 0.05813438817858696, 0.044603485614061356, 0.03638239949941635, 0.031068947166204453, 0.027292001992464066], "fstar2500c": [0.00038125665741972625, 0.03998991847038269, 0.07644644379615784, 0.09887471795082092, 0.08338422328233719, 0.0646258071064949, 0.05216901749372482, 0.04378705471754074, 0.037945158779621124], "fstar5x500c": [0.0005514594377018511, 0.009786110371351242, 0.018689703196287155, 0.02282126247882843, 0.019359001889824867, 0.017052819952368736, 0.01608937606215477, 0.015769897028803825, 0.01618298888206482]}