{"m500c": [10.75, 11.25, 11.75, 12.25, 12.75, 13.25, 13.75, 14.25, 14.75], "fstar50c": [0.00041615977534092963, 0.01360572874546051, 0.02620018646121025, 0.030392559245228767, 0.024006539955735207, 0.01989705301821232, 0.018085559830069542, 0.017497677356004715, 0.017774920910596848], "fstar200m": [0.0001879208575701341, 0.018362360075116158, 0.03484951704740524, 0.04043147712945938, 0.03132627531886101, 0.024892140179872513, 0.021409526467323303, 0.01969706453382969, 0.01939193159341812], "fstar100c": [0.00021557525906246156, 0.016254190355539322, 0.031113475561141968, 0.03592666983604431, 0.02789846435189247, 0.022437604144215584, 0.01971391774713993, 0.018562544137239456, 0.01877676509320736], "fstar200c": [0.00015797106607351452, 0.019768765196204185, 0.037265848368406296, 0.04343890771269798, 0.03368379920721054, 0.026615647599101067, 0.022650720551609993, 0.020540090277791023, 0.019968895241618156], "fstar500c": [9.842983854468912e-05, 0.02603418380022049, 0.04766277223825455, 0.05711490660905838, 0.04489101469516754, 0.034885574132204056, 0.0288101676851511, 0.024973023682832718, 0.02307090349495411], "fstar1000c": [0.00011582323350012302, 0.031208951026201248, 0.05794014036655426, 0.07149828225374222, 0.05735938996076584, 0.04415315017104149, 0.0359044224023819, 0.030441628769040108, 0.02693721279501915], "fstar2500c": [0.0001290755026275292, 0.03961969166994095, 0.07538117468357086, 0.09712928533554077, 0.08229677379131317, 0.0641031414270401, 0.05156324431300163, 0.043043892830610275, 0.03706992790102959], "fstar5x500c": [0.0004993561306037009, 0.009653974324464798, 0.01828971691429615, 0.0222939383238554, 0.01899179071187973, 0.016772940754890442, 0.01587539166212082, 0.015576795674860477, 0.0159782525151968]}