{"m500c": [10.75, 11.25, 11.75, 12.25, 12.75, 13.25, 13.75, 14.25, 14.75], "fstar50c": [0.000529546057805419, 0.013131137005984783, 0.02449088729918003, 0.026151267811655998, 0.02016192115843296, 0.016426175832748413, 0.014725404791533947, 0.014237851835787296, 0.014336933381855488], "fstar200m": [0.00039176736027002335, 0.01640413887798786, 0.030200626701116562, 0.032325711101293564, 0.024691134691238403, 0.019622167572379112, 0.016899114474654198, 0.01571846753358841, 0.015461999922990799], "fstar100c": [0.00044053824967704713, 0.015652721747756004, 0.028946157544851303, 0.03092356212437153, 0.023634592071175575, 0.018845725804567337, 0.016352232545614243, 0.01534437295049429, 0.015175075270235538], "fstar200c": [0.0003237201308365911, 0.01898093707859516, 0.034303613007068634, 0.03704771772027016, 0.028308773413300514, 0.022294949740171432, 0.01883842796087265, 0.017072517424821854, 0.016540998592972755], "fstar500c": [0.00032940058736130595, 0.024806572124361992, 0.043224453926086426, 0.04799462854862213, 0.03704947978258133, 0.028821459040045738, 0.0238183680921793, 0.0207687858492136, 0.019383391365408897], "fstar1000c": [0.00039112308877520263, 0.029420068487524986, 0.051961783319711685, 0.05939469486474991, 0.04667629674077034, 0.03614846244454384, 0.029559507966041565, 0.025202976539731026, 0.022989125922322273], "fstar2500c": [0.0004488429403863847, 0.03651783615350723, 0.06635023653507233, 0.07933985441923141, 0.06528541445732117, 0.05121106654405594, 0.0417555496096611, 0.035317134112119675, 0.03147803246974945], "fstar5x500c": [0.0005965115851722658, 0.00936819612979889, 0.017033269628882408, 0.01914927177131176, 0.015870528295636177, 0.013848798349499702, 0.013070516288280487, 0.012920408509671688, 0.013075530529022217]}