{"m500c": [10.75, 11.25, 11.75, 12.25, 12.75, 13.25, 13.75, 14.25, 14.75, 15.25], "fstar50c": [0.0020510111935436726, 0.0339871309697628, 0.045211710035800934, 0.03822153061628342, 0.02410932630300522, 0.019429326057434082, 0.016952859237790108, 0.015615945681929588, 0.015106662176549435, 0.015407520346343517], "fstar200m": [0.002091379603371024, 0.03535650670528412, 0.04686649888753891, 0.03970063105225563, 0.025000886991620064, 0.020059870555996895, 0.017408274114131927, 0.01590358093380928, 0.015326814725995064, 0.015567051246762276], "fstar100c": [0.0023576109670102596, 0.039140939712524414, 0.051319293677806854, 0.04384230449795723, 0.027550382539629936, 0.021853534504771233, 0.01867971569299698, 0.01672648824751377, 0.015926731750369072, 0.01607302576303482], "fstar200c": [0.0027696394827216864, 0.04542625695466995, 0.058449238538742065, 0.05087769404053688, 0.03203553706407547, 0.024950377643108368, 0.020889971405267715, 0.018271898850798607, 0.01706770993769169, 0.017128942534327507], "fstar500c": [0.003658074187114835, 0.05543378368020058, 0.0698581263422966, 0.06303936243057251, 0.04036439210176468, 0.03088989295065403, 0.025279924273490906, 0.02149052731692791, 0.019528673961758614, 0.019346090033650398], "fstar1000c": [0.00401486037299037, 0.06291506439447403, 0.08035728335380554, 0.07501662522554398, 0.04917801544070244, 0.03746362403035164, 0.030214382335543633, 0.025267085060477257, 0.022520320490002632, 0.022102437913417816], "fstar2500c": [0.00432383781298995, 0.07318715751171112, 0.09613876044750214, 0.09411698579788208, 0.06482835859060287, 0.050195932388305664, 0.0402546226978302, 0.03337893635034561, 0.029099177569150925, 0.02801262028515339], "fstar5x500c": [0.0019447391387075186, 0.024553926661610603, 0.0327349528670311, 0.02881079539656639, 0.01941058039665222, 0.016432328149676323, 0.014996391721069813, 0.014347570016980171, 0.014164295047521591, 0.014614159241318703]}