{"m500c": [10.75, 11.25, 11.75, 12.25, 12.75, 13.25, 13.75, 14.25, 14.75], "fstar50c": [0.0020960341207683086, 0.02755027823150158, 0.03695766255259514, 0.03275804966688156, 0.022143784910440445, 0.018153581768274307, 0.016291538253426552, 0.015580879524350166, 0.015636814758181572], "fstar200m": [0.002567785792052746, 0.033942244946956635, 0.04481201991438866, 0.03994046524167061, 0.026613187044858932, 0.021179910749197006, 0.018386883661150932, 0.016987839713692665, 0.016684474423527718], "fstar100c": [0.0024198461323976517, 0.03249935433268547, 0.04309872165322304, 0.038303229957818985, 0.025558948516845703, 0.020448636263608932, 0.017861129716038704, 0.016639618203043938, 0.016414493322372437], "fstar200c": [0.003062685253098607, 0.038811761885881424, 0.05038859695196152, 0.0454656146466732, 0.030247652903199196, 0.023674165830016136, 0.020156385377049446, 0.018236443400382996, 0.017695125192403793], "fstar500c": [0.004583660513162613, 0.04962976649403572, 0.06229495629668236, 0.058185167610645294, 0.03903115913271904, 0.02971811033785343, 0.02459593676030636, 0.021578600630164146, 0.020334165543317795], "fstar1000c": [0.005301690194755793, 0.058269254863262177, 0.07372093945741653, 0.07128399610519409, 0.04864588379859924, 0.03654584661126137, 0.029656916856765747, 0.025558551773428917, 0.02353389747440815], "fstar2500c": [0.0060240402817726135, 0.07130753248929977, 0.09214881807565689, 0.09382937848567963, 0.06730765104293823, 0.05084846541285515, 0.04065566882491112, 0.03461068123579025, 0.03141026198863983], "fstar5x500c": [0.00204026629216969, 0.019479069858789444, 0.026045765727758408, 0.024577034637331963, 0.018178394064307213, 0.015839524567127228, 0.014782986603677273, 0.014453156851232052, 0.014597663655877113]}