{"m500c": [10.75, 11.25, 11.75, 12.25, 12.75, 13.25, 13.75, 14.25, 14.75], "fstar50c": [0.0006069254595786333, 0.020372865721583366, 0.03632597625255585, 0.0368666835129261, 0.026599135249853134, 0.02168278582394123, 0.01921379379928112, 0.018174897879362106, 0.018168194219470024], "fstar200m": [0.000395396287785843, 0.025057412683963776, 0.04415062069892883, 0.04509405419230461, 0.0322205014526844, 0.025631975382566452, 0.022127563133835793, 0.020130615681409836, 0.019539522007107735], "fstar100c": [0.00040849155629985034, 0.024005386978387833, 0.04244565591216087, 0.04323213919997215, 0.03090800903737545, 0.024686621502041817, 0.021404875442385674, 0.01964123360812664, 0.01917731761932373], "fstar200c": [0.00037797156255692244, 0.028575537726283073, 0.049687642604112625, 0.05134769529104233, 0.0367136225104332, 0.02885274589061737, 0.024577470496296883, 0.021906381472945213, 0.020878352224826813], "fstar500c": [0.00043258609366603196, 0.03635102137923241, 0.061505138874053955, 0.06566600501537323, 0.04759065434336662, 0.03665533289313316, 0.030527519062161446, 0.02666330337524414, 0.02451399154961109], "fstar1000c": [0.0005055077490396798, 0.0425475537776947, 0.07282038033008575, 0.0803857147693634, 0.0595109686255455, 0.04547198489308357, 0.037223946303129196, 0.032078031450510025, 0.02907628007233143], "fstar2500c": [0.0005491334013640881, 0.05217655375599861, 0.091253362596035, 0.10577014833688736, 0.08255045861005783, 0.06390991061925888, 0.05155991017818451, 0.04398448392748833, 0.03950333595275879], "fstar5x500c": [0.0007680256967432797, 0.014374837279319763, 0.0253938939422369, 0.027182744815945625, 0.02122410386800766, 0.018398167565464973, 0.01702105812728405, 0.01661265268921852, 0.016729649156332016]}