{"m500c": [10.75, 11.25, 11.75, 12.25, 12.75, 13.25, 13.75, 14.25, 14.75, 15.25], "fstar50c": [0.0007894780719652772, 0.025230037048459053, 0.03980099782347679, 0.0392533503472805, 0.027345627546310425, 0.021662678569555283, 0.018612079322338104, 0.017267506569623947, 0.01680653542280197, 0.01699141226708889], "fstar200m": [0.0007842967170290649, 0.026270005851984024, 0.041315823793411255, 0.040809571743011475, 0.028410105034708977, 0.022454001009464264, 0.019174940884113312, 0.01763746328651905, 0.017077703028917313, 0.017221501097083092], "fstar100c": [0.0007659609545953572, 0.029163097962737083, 0.04539502412080765, 0.04515232518315315, 0.031443607062101364, 0.02468958869576454, 0.02079143188893795, 0.018716808408498764, 0.017891820520162582, 0.017868390306830406], "fstar200c": [0.0007628845633007586, 0.0340036042034626, 0.05196293815970421, 0.05252878740429878, 0.03675359487533569, 0.028576135635375977, 0.023669611662626266, 0.020748762413859367, 0.01940247043967247, 0.019204210489988327], "fstar500c": [0.0007669038022868335, 0.04185188561677933, 0.06262016296386719, 0.06537868827581406, 0.04663382098078728, 0.03597927838563919, 0.029439738020300865, 0.025022195652127266, 0.022662296891212463, 0.0217547919601202], "fstar1000c": [0.0008584983879700303, 0.04785989597439766, 0.07255251705646515, 0.0781370997428894, 0.057174112647771835, 0.04417688772082329, 0.035935260355472565, 0.03007311373949051, 0.026610294356942177, 0.025612538680434227], "fstar2500c": [0.0009159467299468815, 0.05645732209086418, 0.08773219585418701, 0.09882381558418274, 0.07601691037416458, 0.06001020967960358, 0.049004510045051575, 0.04083004593849182, 0.035494644194841385, 0.033009227365255356], "fstar5x500c": [0.0009067869395948946, 0.01818360760807991, 0.02855946123600006, 0.029197731986641884, 0.021451354026794434, 0.01784488745033741, 0.016200561076402664, 0.01563693769276142, 0.01552882231771946, 0.015950949862599373]}