{"m500c": [10.75, 11.25, 11.75, 12.25, 12.75, 13.25, 13.75, 14.25, 14.75, 15.25], "fstar50c": [0.0007166118011809886, 0.021651746705174446, 0.035733237862586975, 0.03705545887351036, 0.02604660764336586, 0.020421193912625313, 0.017639033496379852, 0.0164951104670763, 0.016065185889601707, 0.01617666706442833], "fstar200m": [0.0006763021810911596, 0.022655367851257324, 0.03726150840520859, 0.03870425373315811, 0.027200590819120407, 0.021264635026454926, 0.018215298652648926, 0.01688871905207634, 0.01635669730603695, 0.01639430969953537], "fstar100c": [0.0006784881115891039, 0.025127099826931953, 0.04091010242700577, 0.0427699089050293, 0.03010242059826851, 0.023397361859679222, 0.019694769755005836, 0.017898842692375183, 0.017112361267209053, 0.01700305938720703], "fstar200c": [0.00067207618849352, 0.029434937983751297, 0.0470130480825901, 0.04992828890681267, 0.03536564111709595, 0.02726452611386776, 0.022462818771600723, 0.019822807982563972, 0.018592141568660736, 0.01825840212404728], "fstar500c": [0.0007294337847270072, 0.03644563630223274, 0.05695425346493721, 0.06242269650101662, 0.04511897638440132, 0.034648697823286057, 0.02804449014365673, 0.023855814710259438, 0.021756302565336227, 0.0209112036973238], "fstar1000c": [0.0008354472229257226, 0.04183409735560417, 0.06626523286104202, 0.07488297671079636, 0.05554303526878357, 0.042804889380931854, 0.034436147660017014, 0.028689980506896973, 0.025640470907092094, 0.024533065035939217], "fstar2500c": [0.0009721069945953786, 0.04953574016690254, 0.08053024858236313, 0.09519875049591064, 0.07427989691495895, 0.0586167573928833, 0.047482751309871674, 0.03923342004418373, 0.03448095545172691, 0.032590579241514206], "fstar5x500c": [0.0007547767017967999, 0.01557203009724617, 0.02555473893880844, 0.02743108943104744, 0.020309360697865486, 0.01683792658150196, 0.015417790040373802, 0.014947401359677315, 0.014847474172711372, 0.015094401314854622]}