{"m500c": [10.75, 11.25, 11.75, 12.25, 12.75, 13.25, 13.75, 14.25, 14.75], "fstar50c": [0.002094309777021408, 0.026587769389152527, 0.03537340089678764, 0.029377702623605728, 0.022097038105130196, 0.020263485610485077, 0.018540414050221443, 0.01746802031993866, 0.017077771946787834], "fstar200m": [0.00242951069958508, 0.032719098031520844, 0.042856648564338684, 0.03575640916824341, 0.026568014174699783, 0.023844696581363678, 0.021097760647535324, 0.019175587221980095, 0.018291225656867027], "fstar100c": [0.002343159168958664, 0.03133935108780861, 0.041225679218769073, 0.03429489582777023, 0.025501307100057602, 0.022963641211390495, 0.02045704610645771, 0.018748626112937927, 0.01798127591609955], "fstar200c": [0.0028045366052538157, 0.03736661374568939, 0.04816465079784393, 0.040699247270822525, 0.030254680663347244, 0.02690214291214943, 0.023368967697024345, 0.02075047604739666, 0.019554348662495613], "fstar500c": [0.0042983065359294415, 0.04768720641732216, 0.059488147497177124, 0.05209122225642204, 0.039119504392147064, 0.03443698585033417, 0.029273025691509247, 0.025099512189626694, 0.02283158153295517], "fstar1000c": [0.004942440427839756, 0.05596376210451126, 0.07035556435585022, 0.06379228085279465, 0.048627544194459915, 0.04283326491713524, 0.036123257130384445, 0.03033902682363987, 0.026766641065478325], "fstar2500c": [0.005622231401503086, 0.06849335134029388, 0.08785354346036911, 0.08384738862514496, 0.06664019823074341, 0.05961355194449425, 0.0506831519305706, 0.04216841235756874, 0.03665504977107048], "fstar5x500c": [0.0020159317646175623, 0.01876860484480858, 0.024926044046878815, 0.02220601961016655, 0.018095484003424644, 0.017391975969076157, 0.016544869169592857, 0.01597096398472786, 0.015734098851680756]}