{"m500c": [10.75, 11.25, 11.75, 12.25, 12.75, 13.25, 13.75, 14.25, 14.75, 15.25], "fstar50c": [0.0007730706711299717, 0.017080891877412796, 0.028338562697172165, 0.028599949553608894, 0.021200023591518402, 0.016953984275460243, 0.014704747125506401, 0.013864830136299133, 0.01364528015255928, 0.013936834409832954], "fstar200m": [0.0007861379417590797, 0.01782357506453991, 0.029461370781064034, 0.029770951718091965, 0.022053658962249756, 0.017595689743757248, 0.015154809691011906, 0.014166822656989098, 0.013883141800761223, 0.0141461081802845], "fstar100c": [0.0008339533233083785, 0.019912373274564743, 0.032504793256521225, 0.03304983302950859, 0.02447756938636303, 0.019420882686972618, 0.016449235379695892, 0.01506521925330162, 0.014589773491024971, 0.014713444747030735], "fstar200c": [0.0008556940010748804, 0.023456929251551628, 0.03744072467088699, 0.038660090416669846, 0.02872755192220211, 0.022613056004047394, 0.018814513459801674, 0.016744982451200485, 0.015888670459389687, 0.015926556661725044], "fstar500c": [0.0009687341516837478, 0.029233306646347046, 0.04548550769686699, 0.04854229465126991, 0.03663838282227516, 0.02869414910674095, 0.0235587265342474, 0.020292723551392555, 0.018652940168976784, 0.01823505386710167], "fstar1000c": [0.001066712778992951, 0.033540017902851105, 0.052927907556295395, 0.0584133043885231, 0.04508194699883461, 0.03540173918008804, 0.028930827975273132, 0.024499518796801567, 0.02197570726275444, 0.021528558805584908], "fstar2500c": [0.0011516384547576308, 0.039491601288318634, 0.06396391987800598, 0.07433178275823593, 0.0601523257791996, 0.04826730117201805, 0.03974710777401924, 0.03355945646762848, 0.029482970014214516, 0.0280759297311306], "fstar5x500c": [0.0007755843689665198, 0.01235361211001873, 0.020274341106414795, 0.021201850846409798, 0.016494400799274445, 0.013888105750083923, 0.01276665274053812, 0.012479543685913086, 0.012506907805800438, 0.012957647442817688]}