{
  "test_type": "single_simulator_test",
  "tested_simulator": "espocrm",
  "total_simulators": 1,
  "successful_tests": 0,
  "failed_tests": 1,
  "total_duration": 213.4740390777588,
  "login_attempts": 0,
  "successful_logins": 0,
  "login_success_rate": 0,
  "overall_success_rate": 0.0,
  "individual_simulator_metrics": [
    {
      "simulator_name": "espocrm",
      "success": false,
      "total_duration": 213.4738748073578,
      "environment_id": "31f44b9c-b0dd-4ec6-914e-43597137dfe7",
      "steps_timing": {
        "environment_creation": 3.3810150623321533,
        "environment_ready": 183.45877814292908,
        "environment_reset": 15.325891017913818,
        "public_url_retrieval": 1.9073486328125e-06,
        "environment_closure": 3.0994415283203125e-06
      },
      "tasks_count": 71,
      "login_attempted": false,
      "login_successful": false,
      "error": "BrowserType.launch: Executable doesn't exist at /Users/zachplato/Library/Caches/ms-playwright/chromium_headless_shell-1181/chrome-mac/headless_shell\n\u2554\u2550\u2550\u2550\u2550\u2550\u2550\u2550\u2550\u2550\u2550\u2550\u2550\u2550\u2550\u2550\u2550\u2550\u2550\u2550\u2550\u2550\u2550\u2550\u2550\u2550\u2550\u2550\u2550\u2550\u2550\u2550\u2550\u2550\u2550\u2550\u2550\u2550\u2550\u2550\u2550\u2550\u2550\u2550\u2550\u2550\u2550\u2550\u2550\u2550\u2550\u2550\u2550\u2550\u2550\u2550\u2550\u2550\u2550\u2550\u2550\u2557\n\u2551 Looks like Playwright was just installed or updated.       \u2551\n\u2551 Please run the following command to download new browsers: \u2551\n\u2551                                                            \u2551\n\u2551     playwright install                                     \u2551\n\u2551                                                            \u2551\n\u2551 <3 Playwright Team                                         \u2551\n\u255a\u2550\u2550\u2550\u2550\u2550\u2550\u2550\u2550\u2550\u2550\u2550\u2550\u2550\u2550\u2550\u2550\u2550\u2550\u2550\u2550\u2550\u2550\u2550\u2550\u2550\u2550\u2550\u2550\u2550\u2550\u2550\u2550\u2550\u2550\u2550\u2550\u2550\u2550\u2550\u2550\u2550\u2550\u2550\u2550\u2550\u2550\u2550\u2550\u2550\u2550\u2550\u2550\u2550\u2550\u2550\u2550\u2550\u2550\u2550\u2550\u255d"
    }
  ]
}