{
  "test_type": "single_simulator_test",
  "tested_simulator": "opencart",
  "total_simulators": 1,
  "successful_tests": 0,
  "failed_tests": 1,
  "total_duration": 11.644301891326904,
  "login_attempts": 0,
  "successful_logins": 0,
  "login_success_rate": 0,
  "overall_success_rate": 0.0,
  "individual_simulator_metrics": [
    {
      "simulator_name": "opencart",
      "success": false,
      "total_duration": 11.64417576789856,
      "environment_id": "17c35591-da01-4f24-bbc0-ffcc90e61077",
      "steps_timing": {
        "environment_creation": 0.26418590545654297,
        "environment_ready": 0.07922005653381348,
        "environment_reset": 10.5994873046875,
        "public_url_retrieval": 0.00019288063049316406,
        "environment_closure": 9.5367431640625e-07
      },
      "tasks_count": 0,
      "login_attempted": false,
      "login_successful": false,
      "error": "BrowserType.launch: Executable doesn't exist at /Users/zachplato/Library/Caches/ms-playwright/chromium_headless_shell-1155/chrome-mac/headless_shell\n\u2554\u2550\u2550\u2550\u2550\u2550\u2550\u2550\u2550\u2550\u2550\u2550\u2550\u2550\u2550\u2550\u2550\u2550\u2550\u2550\u2550\u2550\u2550\u2550\u2550\u2550\u2550\u2550\u2550\u2550\u2550\u2550\u2550\u2550\u2550\u2550\u2550\u2550\u2550\u2550\u2550\u2550\u2550\u2550\u2550\u2550\u2550\u2550\u2550\u2550\u2550\u2550\u2550\u2550\u2550\u2550\u2550\u2550\u2550\u2550\u2550\u2557\n\u2551 Looks like Playwright was just installed or updated.       \u2551\n\u2551 Please run the following command to download new browsers: \u2551\n\u2551                                                            \u2551\n\u2551     playwright install                                     \u2551\n\u2551                                                            \u2551\n\u2551 <3 Playwright Team                                         \u2551\n\u255a\u2550\u2550\u2550\u2550\u2550\u2550\u2550\u2550\u2550\u2550\u2550\u2550\u2550\u2550\u2550\u2550\u2550\u2550\u2550\u2550\u2550\u2550\u2550\u2550\u2550\u2550\u2550\u2550\u2550\u2550\u2550\u2550\u2550\u2550\u2550\u2550\u2550\u2550\u2550\u2550\u2550\u2550\u2550\u2550\u2550\u2550\u2550\u2550\u2550\u2550\u2550\u2550\u2550\u2550\u2550\u2550\u2550\u2550\u2550\u2550\u255d"
    }
  ]
}