{
  "test_type": "single_simulator_test",
  "tested_simulator": "webarenacms",
  "total_simulators": 1,
  "successful_tests": 0,
  "failed_tests": 1,
  "total_duration": 15.995643854141235,
  "login_attempts": 0,
  "successful_logins": 0,
  "login_success_rate": 0,
  "overall_success_rate": 0.0,
  "individual_simulator_metrics": [
    {
      "simulator_name": "webarenacms",
      "success": false,
      "total_duration": 15.995309114456177,
      "environment_id": "b681636c-c215-4fe6-bb15-9bdce180b137",
      "steps_timing": {
        "environment_creation": 0.22465991973876953,
        "environment_ready": 0.07983803749084473,
        "environment_reset": 10.158508062362671,
        "public_url_retrieval": 4.1961669921875e-05,
        "environment_closure": 0.0
      },
      "tasks_count": 0,
      "login_attempted": false,
      "login_successful": false,
      "error": "BrowserType.launch: Executable doesn't exist at /Users/zachplato/Library/Caches/ms-playwright/chromium_headless_shell-1155/chrome-mac/headless_shell\n\u2554\u2550\u2550\u2550\u2550\u2550\u2550\u2550\u2550\u2550\u2550\u2550\u2550\u2550\u2550\u2550\u2550\u2550\u2550\u2550\u2550\u2550\u2550\u2550\u2550\u2550\u2550\u2550\u2550\u2550\u2550\u2550\u2550\u2550\u2550\u2550\u2550\u2550\u2550\u2550\u2550\u2550\u2550\u2550\u2550\u2550\u2550\u2550\u2550\u2550\u2550\u2550\u2550\u2550\u2550\u2550\u2550\u2550\u2550\u2550\u2550\u2557\n\u2551 Looks like Playwright was just installed or updated.       \u2551\n\u2551 Please run the following command to download new browsers: \u2551\n\u2551                                                            \u2551\n\u2551     playwright install                                     \u2551\n\u2551                                                            \u2551\n\u2551 <3 Playwright Team                                         \u2551\n\u255a\u2550\u2550\u2550\u2550\u2550\u2550\u2550\u2550\u2550\u2550\u2550\u2550\u2550\u2550\u2550\u2550\u2550\u2550\u2550\u2550\u2550\u2550\u2550\u2550\u2550\u2550\u2550\u2550\u2550\u2550\u2550\u2550\u2550\u2550\u2550\u2550\u2550\u2550\u2550\u2550\u2550\u2550\u2550\u2550\u2550\u2550\u2550\u2550\u2550\u2550\u2550\u2550\u2550\u2550\u2550\u2550\u2550\u2550\u2550\u2550\u255d"
    }
  ]
}