{"m500c": [10.75, 11.25, 11.75, 12.25, 12.75, 13.25, 13.75, 14.25, 14.75], "fbar50c": [0.13936670124530792, 0.14364469051361084, 0.13877896964550018, 0.10996703803539276, 0.08845339715480804, 0.09861786663532257, 0.12494698911905289, 0.1430862545967102, 0.14956237375736237], "fbar200m": [0.1291206181049347, 0.14404426515102386, 0.14041633903980255, 0.10924145579338074, 0.07873746752738953, 0.07962995022535324, 0.10194611549377441, 0.12813995778560638, 0.1411026120185852], "fbar100c": [0.1321815699338913, 0.14231663942337036, 0.13831566274166107, 0.10776133835315704, 0.08063726872205734, 0.08538657426834106, 0.11046003550291061, 0.134084552526474, 0.14397266507148743], "fbar200c": [0.12801659107208252, 0.14618314802646637, 0.14256547391414642, 0.11106275767087936, 0.07858569920063019, 0.07713199406862259, 0.09733748435974121, 0.12437709420919418, 0.1397508978843689], "fbar500c": [0.13325883448123932, 0.1612013280391693, 0.15614788234233856, 0.12360916286706924, 0.08369497209787369, 0.07318561524152756, 0.08372949808835983, 0.10803459584712982, 0.13057269155979156], "fbar1000c": [0.13546784222126007, 0.1771705448627472, 0.1737750768661499, 0.14061130583286285, 0.09402177482843399, 0.07616826891899109, 0.0786999836564064, 0.09616357088088989, 0.11914092302322388], "fbar2500c": [0.14383213222026825, 0.20561811327934265, 0.20595696568489075, 0.1748582422733307, 0.12022725492715836, 0.09215717017650604, 0.08424996584653854, 0.08973577618598938, 0.10584025830030441], "fbar5x500c": [0.14444386959075928, 0.1533265858888626, 0.14884749054908752, 0.1273023933172226, 0.11718663573265076, 0.13182266056537628, 0.1487995982170105, 0.1545998603105545, 0.15620826184749603]}