{"m500c": [10.75, 11.25, 11.75, 12.25, 12.75, 13.25, 13.75, 14.25, 14.75], "fbar50c": [0.12514644861221313, 0.12341533601284027, 0.11359931528568268, 0.10170291364192963, 0.10575748980045319, 0.13199879229068756, 0.1443006694316864, 0.14836329221725464, 0.15012292563915253], "fbar200m": [0.10728497803211212, 0.12154201418161392, 0.11202412843704224, 0.09642032533884048, 0.09105939418077469, 0.11778310686349869, 0.13686642050743103, 0.14454756677150726, 0.14766374230384827], "fbar100c": [0.11059659719467163, 0.12125121057033539, 0.11170277744531631, 0.09680871665477753, 0.09355545043945312, 0.12079782783985138, 0.13852281868457794, 0.14520226418972015, 0.1478150486946106], "fbar200c": [0.09742944687604904, 0.12452755868434906, 0.11482492089271545, 0.09713544696569443, 0.08521496504545212, 0.10844752192497253, 0.1306910365819931, 0.14183278381824493, 0.1469542235136032], "fbar500c": [0.08840247243642807, 0.13726390898227692, 0.1262635439634323, 0.10531231760978699, 0.08191613852977753, 0.09395039081573486, 0.11625102907419205, 0.13280430436134338, 0.1427341103553772], "fbar1000c": [0.0867651030421257, 0.14999279379844666, 0.14083215594291687, 0.1182527095079422, 0.08651896566152573, 0.088344044983387, 0.10549764335155487, 0.12230759859085083, 0.13607648015022278], "fbar2500c": [0.08997993171215057, 0.1716899573802948, 0.16648393869400024, 0.14521582424640656, 0.10374560952186584, 0.09297715127468109, 0.09888900816440582, 0.10890719294548035, 0.12167605757713318], "fbar5x500c": [0.13420982658863068, 0.13932941854000092, 0.13261447846889496, 0.12708604335784912, 0.13663619756698608, 0.15093186497688293, 0.1549244225025177, 0.1560698002576828, 0.15664729475975037]}