{"m500c": [10.75, 11.25, 11.75, 12.25, 12.75, 13.25, 13.75, 14.25, 14.75], "fbar50c": [0.1348031759262085, 0.1411975920200348, 0.13719713687896729, 0.11103545129299164, 0.09038950502872467, 0.09959922730922699, 0.12425172328948975, 0.14092421531677246, 0.1476564258337021], "fbar200m": [0.12235886603593826, 0.14082960784435272, 0.13802015781402588, 0.10941651463508606, 0.07975239306688309, 0.08039294183254242, 0.10188577324151993, 0.12672141194343567, 0.13892151415348053], "fbar100c": [0.12678726017475128, 0.13954491913318634, 0.13632017374038696, 0.10829675197601318, 0.08202251046895981, 0.08627390116453171, 0.1101798266172409, 0.13237948715686798, 0.14220422506332397], "fbar200c": [0.12063366919755936, 0.14264750480651855, 0.13992051780223846, 0.11105644702911377, 0.07942020148038864, 0.07778099924325943, 0.09733187407255173, 0.12310156226158142, 0.1375623345375061], "fbar500c": [0.12467487156391144, 0.15648487210273743, 0.1525631695985794, 0.12302848696708679, 0.08402485400438309, 0.07346100360155106, 0.08386967331171036, 0.10715088993310928, 0.1289929449558258], "fbar1000c": [0.1257498860359192, 0.17211465537548065, 0.16982202231884003, 0.13977888226509094, 0.09420386701822281, 0.076164610683918, 0.07879292219877243, 0.09559527039527893, 0.11837367713451385], "fbar2500c": [0.1341620236635208, 0.20097336173057556, 0.20229928195476532, 0.1742500513792038, 0.12058928608894348, 0.0922345444560051, 0.08402082324028015, 0.08867345005273819, 0.10590698570013046], "fbar5x500c": [0.13999824225902557, 0.15021765232086182, 0.14672882854938507, 0.12793347239494324, 0.11852308362722397, 0.13135823607444763, 0.1464141607284546, 0.15141353011131287, 0.15278133749961853]}