{"m500c": [10.75, 11.25, 11.75, 12.25, 12.75, 13.25, 13.75, 14.25, 14.75, 15.25], "fbar50c": [0.0910639688372612, 0.08869407325983047, 0.07719787955284119, 0.061130914837121964, 0.05284132435917854, 0.07256409525871277, 0.11289515346288681, 0.13786979019641876, 0.14592401683330536, 0.1495671272277832], "fbar200m": [0.08533922582864761, 0.08776873350143433, 0.07661648094654083, 0.06046058237552643, 0.051280442625284195, 0.06936946511268616, 0.10941456258296967, 0.13643772900104523, 0.1455053985118866, 0.14965346455574036], "fbar100c": [0.07167880237102509, 0.08683494478464127, 0.0765295997262001, 0.059989865869283676, 0.04851972684264183, 0.062255967408418655, 0.09995148330926895, 0.13189396262168884, 0.14417320489883423, 0.1502445489168167], "fbar200c": [0.05746587738394737, 0.0886421948671341, 0.07938677817583084, 0.062050383538007736, 0.0471767857670784, 0.054698068648576736, 0.08585967123508453, 0.12229292839765549, 0.14035727083683014, 0.15052738785743713], "fbar500c": [0.05385308340191841, 0.0958804115653038, 0.08779192715883255, 0.06968824565410614, 0.04992245137691498, 0.04992931708693504, 0.0694490298628807, 0.10427369177341461, 0.13017632067203522, 0.14604711532592773], "fbar1000c": [0.05455084517598152, 0.10298923403024673, 0.09735719859600067, 0.07954565435647964, 0.05575846880674362, 0.05085444450378418, 0.06156638264656067, 0.08956331014633179, 0.11776138842105865, 0.13540396094322205], "fbar2500c": [0.057000260800123215, 0.11467430740594864, 0.1125815212726593, 0.09714903682470322, 0.068990059196949, 0.05879464000463486, 0.060007743537425995, 0.07574804872274399, 0.09897574037313461, 0.11773306131362915], "fbar5x500c": [0.10704206675291061, 0.10612724721431732, 0.09499622881412506, 0.07754722982645035, 0.07470457255840302, 0.10238241404294968, 0.1360691487789154, 0.14940564334392548, 0.15345042943954468, 0.15439565479755402]}