{"m500c": [10.75, 11.25, 11.75, 12.25, 12.75, 13.25, 13.75, 14.25, 14.75, 15.25], "fbar50c": [0.09442940354347229, 0.09789875149726868, 0.09097789973020554, 0.07723329216241837, 0.06799974292516708, 0.09941282123327255, 0.13292168080806732, 0.1440262794494629, 0.14747031033039093, 0.14853252470493317], "fbar200m": [0.08755175024271011, 0.09715870022773743, 0.09060816466808319, 0.07661166042089462, 0.06571076065301895, 0.09533213824033737, 0.13044843077659607, 0.14320911467075348, 0.1472896784543991, 0.14886821806430817], "fbar100c": [0.07303246110677719, 0.09696400165557861, 0.09122786670923233, 0.07661021500825882, 0.06196218729019165, 0.08657687157392502, 0.12386681884527206, 0.14085721969604492, 0.1468650847673416, 0.1509135216474533], "fbar200c": [0.05676786229014397, 0.10003051161766052, 0.09536667913198471, 0.07979195564985275, 0.059641819447278976, 0.07550130039453506, 0.11185389757156372, 0.13527075946331024, 0.14502456784248352, 0.15101414918899536], "fbar500c": [0.05136071890592575, 0.10933714359998703, 0.106121726334095, 0.0898897647857666, 0.062437351793050766, 0.06653136014938354, 0.09471460431814194, 0.12326503545045853, 0.13883903622627258, 0.14825911819934845], "fbar1000c": [0.05183081328868866, 0.11807631701231003, 0.11808137595653534, 0.10260898619890213, 0.06940315663814545, 0.06560869514942169, 0.08438403904438019, 0.11134526878595352, 0.13029685616493225, 0.141164168715477], "fbar2500c": [0.05489329248666763, 0.13217435777187347, 0.1372554898262024, 0.12560470402240753, 0.08579884469509125, 0.07355969399213791, 0.07953718304634094, 0.09734627604484558, 0.1149786189198494, 0.12509435415267944], "fbar5x500c": [0.11094262450933456, 0.11429469287395477, 0.10752107948064804, 0.09457185864448547, 0.09450783580541611, 0.12801553308963776, 0.1475592702627182, 0.15226805210113525, 0.15393295884132385, 0.15460379421710968]}