{"m500c": [10.75, 11.25, 11.75, 12.25, 12.75, 13.25, 13.75, 14.25, 14.75], "fbar50c": [0.1394168883562088, 0.14081034064292908, 0.13510601222515106, 0.11239851266145706, 0.0950922742486, 0.11019014567136765, 0.1353548765182495, 0.14710929989814758, 0.15133780241012573], "fbar200m": [0.12988801300525665, 0.14062488079071045, 0.1349163055419922, 0.10986679047346115, 0.08252061158418655, 0.0885256677865982, 0.11510720103979111, 0.13577008247375488, 0.1444069892168045], "fbar100c": [0.1323852837085724, 0.13906708359718323, 0.13344360888004303, 0.10903798043727875, 0.08551519364118576, 0.0956345647573471, 0.12307833135128021, 0.14008653163909912, 0.14668495953083038], "fbar200c": [0.1294943392276764, 0.14270435273647308, 0.13672402501106262, 0.11134043335914612, 0.08177865296602249, 0.08513572067022324, 0.11039741337299347, 0.13298340141773224, 0.14328935742378235], "fbar500c": [0.13564813137054443, 0.15763123333454132, 0.1492708921432495, 0.12274020165205002, 0.08513190597295761, 0.07796813547611237, 0.09428843855857849, 0.1190628781914711, 0.13672755658626556], "fbar1000c": [0.1375146508216858, 0.1735759824514389, 0.1662943959236145, 0.13898275792598724, 0.09452980011701584, 0.07891812920570374, 0.08624883741140366, 0.10693670809268951, 0.12760363519191742], "fbar2500c": [0.14667610824108124, 0.2020082026720047, 0.19789092242717743, 0.172434464097023, 0.11969079077243805, 0.09286458045244217, 0.08815823495388031, 0.09753011167049408, 0.11303708702325821], "fbar5x500c": [0.14429503679275513, 0.1517334133386612, 0.14799648523330688, 0.13167694211006165, 0.12552900612354279, 0.14108453691005707, 0.1528131663799286, 0.1557307243347168, 0.15644678473472595]}