{"m500c": [10.75, 11.25, 11.75, 12.25, 12.75, 13.25, 13.75, 14.25, 14.75], "fbar50c": [0.1223774403333664, 0.1227383017539978, 0.11381283402442932, 0.0999077707529068, 0.09063045680522919, 0.11601662635803223, 0.13735421001911163, 0.14421866834163666, 0.1468368023633957], "fbar200m": [0.10317631810903549, 0.11965794861316681, 0.1111891120672226, 0.09575486928224564, 0.07851821184158325, 0.09930326044559479, 0.1273384690284729, 0.13945689797401428, 0.14356571435928345], "fbar100c": [0.10734865814447403, 0.11966186761856079, 0.11111020296812057, 0.09594769030809402, 0.0803421139717102, 0.10254476219415665, 0.12953710556030273, 0.14032185077667236, 0.14385882019996643], "fbar200c": [0.09104287624359131, 0.12166256457567215, 0.11322786659002304, 0.09697719663381577, 0.07475945353507996, 0.08997452259063721, 0.11938785016536713, 0.13609202206134796, 0.14288201928138733], "fbar500c": [0.0805170089006424, 0.1326252967119217, 0.12338321655988693, 0.10582488775253296, 0.0749560222029686, 0.07784585654735565, 0.10245047509670258, 0.12546774744987488, 0.13918960094451904], "fbar1000c": [0.07798357307910919, 0.1445222795009613, 0.13732805848121643, 0.11928001046180725, 0.08168080449104309, 0.07493826001882553, 0.09129218757152557, 0.113863006234169, 0.1316734254360199], "fbar2500c": [0.08028575778007507, 0.16577798128128052, 0.16266892850399017, 0.1472414880990982, 0.10142100602388382, 0.08341170847415924, 0.08658849447965622, 0.1003023311495781, 0.11711504310369492], "fbar5x500c": [0.13090971112251282, 0.13855691254138947, 0.13272510468959808, 0.12254776805639267, 0.12228268384933472, 0.14167064428329468, 0.1501915007829666, 0.1522599160671234, 0.15293057262897491]}