{"m500c": [10.75, 11.25, 11.75, 12.25, 12.75, 13.25, 13.75, 14.25, 14.75], "fbar50c": [0.12339410185813904, 0.1211521327495575, 0.11979050189256668, 0.1108451783657074, 0.11765512824058533, 0.13084352016448975, 0.13958920538425446, 0.14533783495426178, 0.14772722125053406], "fbar200m": [0.10571866482496262, 0.1206938624382019, 0.1189672127366066, 0.10425689071416855, 0.10592621564865112, 0.11891037225723267, 0.13065750896930695, 0.14030572772026062, 0.14441248774528503], "fbar100c": [0.10923841595649719, 0.12003001570701599, 0.11851345747709274, 0.10514047741889954, 0.10812051594257355, 0.12137338519096375, 0.13259218633174896, 0.14125071465969086, 0.14479830861091614], "fbar200c": [0.09462261945009232, 0.12496233731508255, 0.1221383586525917, 0.10294894874095917, 0.09998990595340729, 0.111314557492733, 0.12387487292289734, 0.13663654029369354, 0.1430334746837616], "fbar500c": [0.0851125568151474, 0.1397344321012497, 0.1340971738100052, 0.10617971420288086, 0.09367528557777405, 0.09965041279792786, 0.10968438535928726, 0.12560482323169708, 0.13706405460834503], "fbar1000c": [0.08292039483785629, 0.15267296135425568, 0.14873768389225006, 0.11452938616275787, 0.09452294558286667, 0.09573350101709366, 0.10050127655267715, 0.11415163427591324, 0.128170445561409], "fbar2500c": [0.08633075654506683, 0.17302148044109344, 0.17369303107261658, 0.13462023437023163, 0.10558224469423294, 0.10193990916013718, 0.0976632758975029, 0.10191793739795685, 0.11198171973228455], "fbar5x500c": [0.132544606924057, 0.13751201331615448, 0.1364901214838028, 0.13177327811717987, 0.13989262282848358, 0.1488497108221054, 0.1525152027606964, 0.15432526171207428, 0.15506663918495178]}