{"m500c": [10.75, 11.25, 11.75, 12.25, 12.75, 13.25, 13.75, 14.25, 14.75, 15.25], "fbar50c": [0.09198454022407532, 0.10739438980817795, 0.10135234892368317, 0.07131367176771164, 0.05500517413020134, 0.06573198735713959, 0.09966188669204712, 0.1317620873451233, 0.14396317303180695, 0.14908519387245178], "fbar200m": [0.08599567413330078, 0.10702802240848541, 0.10151007771492004, 0.07134023308753967, 0.05408652871847153, 0.06336100399494171, 0.09601152688264847, 0.12965482473373413, 0.14323946833610535, 0.1491599977016449], "fbar100c": [0.07151276618242264, 0.10767776519060135, 0.10337892174720764, 0.07267460227012634, 0.05287352576851845, 0.058450259268283844, 0.08685115724802017, 0.12329000234603882, 0.14097900688648224, 0.14930567145347595], "fbar200c": [0.0564604289829731, 0.11205415427684784, 0.10925363004207611, 0.07746714353561401, 0.053654082119464874, 0.05410536378622055, 0.07496178150177002, 0.11138380318880081, 0.13548047840595245, 0.14848123490810394], "fbar500c": [0.052541278302669525, 0.12300489842891693, 0.12218958139419556, 0.08925927430391312, 0.0594630092382431, 0.053603753447532654, 0.06383027881383896, 0.09300164878368378, 0.1227230578660965, 0.14180916547775269], "fbar1000c": [0.05415979400277138, 0.1326960325241089, 0.13569961488246918, 0.10280447453260422, 0.06809698045253754, 0.0577954463660717, 0.060636360198259354, 0.08096116781234741, 0.10953058302402496, 0.13029222190380096], "fbar2500c": [0.05656761676073074, 0.14787130057811737, 0.15681342780590057, 0.1259685903787613, 0.0860334262251854, 0.07050417363643646, 0.06542102247476578, 0.07357343286275864, 0.09374003112316132, 0.11530310660600662], "fbar5x500c": [0.10869036614894867, 0.12212040275335312, 0.11358841508626938, 0.08239083737134933, 0.07192773371934891, 0.09180133789777756, 0.12681086361408234, 0.1465139091014862, 0.15256881713867188, 0.15413565933704376]}