{"m500c": [10.75, 11.25, 11.75, 12.25, 12.75, 13.25, 13.75, 14.25, 14.75], "fbar50c": [0.11095359921455383, 0.12634173035621643, 0.1401297152042389, 0.14921201765537262, 0.15004724264144897, 0.14959029853343964, 0.1495480239391327, 0.15002258121967316, 0.15075398981571198], "fbar200m": [0.07520269602537155, 0.09611768275499344, 0.1199653223156929, 0.1410839557647705, 0.14678244292736053, 0.14804083108901978, 0.14834174513816833, 0.14860549569129944, 0.1489916443824768], "fbar100c": [0.08262751251459122, 0.10273203253746033, 0.12465404719114304, 0.14299112558364868, 0.14747904241085052, 0.14823724329471588, 0.1483449637889862, 0.14855976402759552, 0.148917555809021], "fbar200c": [0.05502992495894432, 0.07551831007003784, 0.1044432520866394, 0.13411276042461395, 0.1439686268568039, 0.14707548916339874, 0.1481916308403015, 0.14882855117321014, 0.14936710894107819], "fbar500c": [0.03664768859744072, 0.03930886089801788, 0.0736040398478508, 0.11609828472137451, 0.1355232447385788, 0.14333978295326233, 0.14662373065948486, 0.148295059800148, 0.14913906157016754], "fbar1000c": [0.032493963837623596, 0.026240220293402672, 0.05023594945669174, 0.09743378311395645, 0.12488368898630142, 0.13751021027565002, 0.14316312968730927, 0.14582867920398712, 0.14731477200984955], "fbar2500c": [0.029776455834507942, 0.02408197894692421, 0.029882756993174553, 0.06898445636034012, 0.10331028699874878, 0.12238787859678268, 0.13150674104690552, 0.1349835842847824, 0.1354983150959015], "fbar5x500c": [0.12325622886419296, 0.15133163332939148, 0.15622150897979736, 0.15729008615016937, 0.15690115094184875, 0.15667212009429932, 0.15677745640277863, 0.15710346400737762, 0.15745772421360016]}