{"m500c": [10.75, 11.25, 11.75, 12.25, 12.75, 13.25, 13.75, 14.25, 14.75], "fstar50c": [0.000470896833576262, 0.017462879419326782, 0.031024781987071037, 0.032419055700302124, 0.024179045110940933, 0.01966363750398159, 0.01775299943983555, 0.017099717631936073, 0.017029913142323494], "fstar200m": [0.00035546140861697495, 0.0215928815305233, 0.037942975759506226, 0.03988821059465408, 0.029594114050269127, 0.023301709443330765, 0.020207494497299194, 0.0188137199729681, 0.018299005925655365], "fstar100c": [0.00038751299143768847, 0.02065735124051571, 0.03643171116709709, 0.03819659352302551, 0.028320753946900368, 0.022399278357625008, 0.019589364528656006, 0.018379729241132736, 0.01796882227063179], "fstar200c": [0.00028671076870523393, 0.02474900335073471, 0.042862363159656525, 0.04556768760085106, 0.03396156057715416, 0.026459379121661186, 0.022411221638321877, 0.02037421427667141, 0.019539780914783478], "fstar500c": [0.00030827062437310815, 0.031793270260095596, 0.053422875702381134, 0.05858791247010231, 0.044453009963035583, 0.03426623344421387, 0.028071634471416473, 0.024570632725954056, 0.02276541478931904], "fstar1000c": [0.00037981933564879, 0.03738419711589813, 0.0636477842926979, 0.0719672366976738, 0.0558735691010952, 0.0430467389523983, 0.034715332090854645, 0.02959807775914669, 0.026808401569724083], "fstar2500c": [0.0004212601634208113, 0.046025775372982025, 0.08043733239173889, 0.09508656710386276, 0.07771458476781845, 0.061029188334941864, 0.04899976775050163, 0.04121021553874016, 0.036446429789066315], "fstar5x500c": [0.000600596540607512, 0.012371755205094814, 0.021619973704218864, 0.02376507967710495, 0.01917215809226036, 0.016817865893244743, 0.015875309705734253, 0.015599722974002361, 0.015620660036802292]}