{"m500c": [10.75, 11.25, 11.75, 12.25, 12.75, 13.25, 13.75, 14.25, 14.75, 15.25], "fstar50c": [0.0008704575011506677, 0.029523160308599472, 0.04607551172375679, 0.041527338325977325, 0.02825799770653248, 0.022898796945810318, 0.019881928339600563, 0.018228787928819656, 0.017655914649367332, 0.018014192581176758], "fstar200m": [0.0008633533725515008, 0.030705971643328667, 0.04779205471277237, 0.043160904198884964, 0.029331691563129425, 0.023687539622187614, 0.020483678206801414, 0.018645402044057846, 0.017965268343687057, 0.018256843090057373], "fstar100c": [0.000792298698797822, 0.033972177654504776, 0.05240437015891075, 0.04771745949983597, 0.032384712249040604, 0.02591499499976635, 0.022186845541000366, 0.01983264647424221, 0.018818339332938194, 0.018912332132458687], "fstar200c": [0.0008039781241677701, 0.03936494514346123, 0.05979477986693382, 0.05545143038034439, 0.037764642387628555, 0.0297875814139843, 0.02513982355594635, 0.022079164162278175, 0.020471246913075447, 0.020366493612527847], "fstar500c": [0.0009336580988019705, 0.04805521294474602, 0.07172124087810516, 0.06889945268630981, 0.047828808426856995, 0.03724445402622223, 0.030928833410143852, 0.026693010702729225, 0.02400239370763302, 0.023257147520780563], "fstar1000c": [0.0010547173442319036, 0.05476764589548111, 0.08279631286859512, 0.08223991841077805, 0.0585782453417778, 0.0455518439412117, 0.037365563213825226, 0.03194558620452881, 0.028280219063162804, 0.02730291336774826], "fstar2500c": [0.001121388515457511, 0.06444420665502548, 0.09970025718212128, 0.10372982174158096, 0.0777800902724266, 0.061783600598573685, 0.050460297614336014, 0.04293834790587425, 0.037685997784137726, 0.03567551448941231], "fstar5x500c": [0.0008944649598561227, 0.02123315818607807, 0.033140651881694794, 0.031011231243610382, 0.02237982675433159, 0.01899115741252899, 0.01718023046851158, 0.016470789909362793, 0.016352098435163498, 0.01691199280321598]}