{"m500c": [10.75, 11.25, 11.75, 12.25, 12.75, 13.25, 13.75, 14.25, 14.75], "fstar50c": [0.00039307892438955605, 0.01210134755820036, 0.025714818388223648, 0.0302885752171278, 0.023882001638412476, 0.019965892657637596, 0.018165001645684242, 0.017256388440728188, 0.017852503806352615], "fstar200m": [0.0001435727026546374, 0.016317255795001984, 0.034096285700798035, 0.04022674635052681, 0.03103114850819111, 0.02484956569969654, 0.021610980853438377, 0.01959284581243992, 0.01958117075264454], "fstar100c": [0.00019199203234165907, 0.014453619718551636, 0.030453866347670555, 0.035731833428144455, 0.02766716666519642, 0.02244868129491806, 0.019879676401615143, 0.018413184210658073, 0.01869596168398857], "fstar200c": [0.00013582032988779247, 0.01756741851568222, 0.03648928552865982, 0.043270211666822433, 0.03338227421045303, 0.026548592373728752, 0.022875599563121796, 0.020466983318328857, 0.020248722285032272], "fstar500c": [0.00019120925571769476, 0.02310134842991829, 0.046799760311841965, 0.057231005281209946, 0.044692203402519226, 0.03475988656282425, 0.02908056229352951, 0.02492748759686947, 0.023613007739186287], "fstar1000c": [0.0002321860083611682, 0.027708297595381737, 0.05696261301636696, 0.07207627594470978, 0.057446882128715515, 0.04405460134148598, 0.03615404665470123, 0.030709318816661835, 0.028527120128273964], "fstar2500c": [0.00025559659115970135, 0.035248853266239166, 0.07418157905340195, 0.0987233817577362, 0.08329898118972778, 0.06457997113466263, 0.05193290486931801, 0.043023481965065, 0.03944012522697449], "fstar5x500c": [0.0004868645628448576, 0.00859434437006712, 0.017970578745007515, 0.022217854857444763, 0.018885409459471703, 0.016688868403434753, 0.015741249546408653, 0.015291471034288406, 0.015632735565304756]}