{"m500c": [10.75, 11.25, 11.75, 12.25, 12.75, 13.25, 13.75, 14.25, 14.75], "fstar50c": [0.0005865472485311329, 0.01611463725566864, 0.029748428612947464, 0.032983552664518356, 0.024425145238637924, 0.01950998045504093, 0.017372053116559982, 0.016640828922390938, 0.016532052308321], "fstar200m": [0.0003583820362109691, 0.02008935436606407, 0.03654816001653671, 0.04066266492009163, 0.02993558533489704, 0.02330966852605343, 0.01990199089050293, 0.01837034709751606, 0.01777007058262825], "fstar100c": [0.0003982112102676183, 0.019110286608338356, 0.034942224621772766, 0.03878672420978546, 0.028541548177599907, 0.022307483479380608, 0.019210319966077805, 0.017890414223074913, 0.017444541677832603], "fstar200c": [0.0003032443346455693, 0.022996950894594193, 0.04111437126994133, 0.0461617186665535, 0.034084830433130264, 0.02633786015212536, 0.022031255066394806, 0.019841108471155167, 0.018858356401324272], "fstar500c": [0.0003206394612789154, 0.029748355969786644, 0.05125150457024574, 0.059151336550712585, 0.044391971081495285, 0.0339176319539547, 0.027637498453259468, 0.02395070344209671, 0.02203935571014881], "fstar1000c": [0.00036430300679057837, 0.03505721688270569, 0.06106388941407204, 0.0724722146987915, 0.05565102770924568, 0.042401861399412155, 0.03414588049054146, 0.02890479750931263, 0.025837557390332222], "fstar2500c": [0.00041250596405006945, 0.043279021978378296, 0.0771942213177681, 0.095466747879982, 0.07729165256023407, 0.05988059192895889, 0.04805317893624306, 0.0401148796081543, 0.03521089628338814], "fstar5x500c": [0.0006614065496250987, 0.01147320307791233, 0.020741986110806465, 0.024137193337082863, 0.01926734298467636, 0.01657715067267418, 0.01554112695157528, 0.01522133406251669, 0.015181584283709526]}