{"m500c": [10.75, 11.25, 11.75, 12.25, 12.75, 13.25, 13.75, 14.25, 14.75], "fstar50c": [0.0005419229273684323, 0.01670866645872593, 0.030284753069281578, 0.03328893333673477, 0.02470395900309086, 0.01976422779262066, 0.01760518178343773, 0.016876637935638428, 0.01677781715989113], "fstar200m": [0.0004406122607178986, 0.020725972950458527, 0.03707049414515495, 0.04090268909931183, 0.03017968125641346, 0.0235392227768898, 0.02012150175869465, 0.018590237945318222, 0.018025103956460953], "fstar100c": [0.0004821877519134432, 0.019813628867268562, 0.03558698296546936, 0.03918035328388214, 0.028900347650051117, 0.022618887946009636, 0.019489124417304993, 0.018153250217437744, 0.017703751102089882], "fstar200c": [0.0004308054631110281, 0.023819968104362488, 0.041902557015419006, 0.046684034168720245, 0.03455069661140442, 0.026730980724096298, 0.02237384393811226, 0.020135072991251945, 0.019241303205490112], "fstar500c": [0.0006484389305114746, 0.03073633275926113, 0.052280399948358536, 0.059918444603681564, 0.0450763963162899, 0.03451972082257271, 0.028148870915174484, 0.024347538128495216, 0.02247392013669014], "fstar1000c": [0.0007515754550695419, 0.03623306006193161, 0.062339719384908676, 0.07350456714630127, 0.05658033490180969, 0.0432283952832222, 0.034838203340768814, 0.029408177360892296, 0.026424983516335487], "fstar2500c": [0.0009073065011762083, 0.04476061090826988, 0.07886718213558197, 0.09695448726415634, 0.07868888974189758, 0.06117795407772064, 0.04912631958723068, 0.04095141589641571, 0.03602159023284912], "fstar5x500c": [0.0006565193179994822, 0.011864696629345417, 0.02111494541168213, 0.024369148537516594, 0.01949097029864788, 0.016792554408311844, 0.015735695138573647, 0.015428747981786728, 0.015433992259204388]}