{"m500c": [10.75, 11.25, 11.75, 12.25, 12.75, 13.25, 13.75, 14.25, 14.75], "fstar50c": [0.002181604038923979, 0.02188916690647602, 0.029176214709877968, 0.026057392358779907, 0.02124817669391632, 0.019973965361714363, 0.01856616884469986, 0.01772693730890751, 0.017682945355772972], "fstar200m": [0.0028223528061062098, 0.029372695833444595, 0.038340866565704346, 0.03414597734808922, 0.027075843885540962, 0.02455516904592514, 0.02177322469651699, 0.019883399829268456, 0.01917491853237152], "fstar100c": [0.0023272286634892225, 0.026067307218909264, 0.034383323043584824, 0.03046441823244095, 0.024283630773425102, 0.02228948287665844, 0.0201533492654562, 0.018786532804369926, 0.018545884639024734], "fstar200c": [0.003277363022789359, 0.031586840748786926, 0.040909294039011, 0.03663410246372223, 0.029031291604042053, 0.026167865842580795, 0.02296382747590542, 0.020704062655568123, 0.019741052761673927], "fstar500c": [0.005776823498308659, 0.04149574786424637, 0.05199620872735977, 0.04808373376727104, 0.03832921013236046, 0.03404892235994339, 0.029009779915213585, 0.025120723992586136, 0.022735649719834328], "fstar1000c": [0.006914071273058653, 0.04990839585661888, 0.06300638616085052, 0.06027008220553398, 0.04845716804265976, 0.0429374985396862, 0.036152761429548264, 0.030650315806269646, 0.02639537677168846], "fstar2500c": [0.008256235159933567, 0.063443623483181, 0.08155979216098785, 0.08215054124593735, 0.06847046315670013, 0.061324089765548706, 0.05180550739169121, 0.04318007081747055, 0.03661944717168808], "fstar5x500c": [0.002164958044886589, 0.015440750867128372, 0.020603306591510773, 0.019791841506958008, 0.017400545999407768, 0.017007077112793922, 0.01627352647483349, 0.015770433470606804, 0.01586988940834999]}