{"m500c": [11.25, 11.75, 12.25, 12.75, 13.25, 13.75, 14.25, 14.75, 15.25, 15.75], "fstar50c": [0.022918377071619034, 0.03700731322169304, 0.037921272218227386, 0.026537032797932625, 0.02076658047735691, 0.017947020009160042, 0.016777904704213142, 0.016333408653736115, 0.016121722757816315, 0.01553161721676588], "fstar200m": [0.023875242099165916, 0.03842877596616745, 0.03943531960248947, 0.027592424303293228, 0.021537095308303833, 0.018477309495210648, 0.01713963784277439, 0.016593361273407936, 0.016321606934070587, 0.015670955181121826], "fstar100c": [0.02654927968978882, 0.04226406291127205, 0.04366115480661392, 0.030589817091822624, 0.02374260500073433, 0.0200097244232893, 0.018178662285208702, 0.017360594123601913, 0.01690964214503765, 0.015983330085873604], "fstar200c": [0.03104489855468273, 0.04844985902309418, 0.05083779618144035, 0.0358378104865551, 0.027606459334492683, 0.02277582883834839, 0.020107125863432884, 0.018812719732522964, 0.017992032691836357, 0.01689075119793415], "fstar500c": [0.03836112469434738, 0.05850006267428398, 0.06334833800792694, 0.04556835815310478, 0.034971997141838074, 0.028363201767206192, 0.024171678349375725, 0.021903617307543755, 0.020440058782696724, 0.018644891679286957], "fstar1000c": [0.04394235834479332, 0.06787412613630295, 0.07578384131193161, 0.05592969059944153, 0.0430794395506382, 0.03473181277513504, 0.029024317860603333, 0.025664497166872025, 0.023456940427422523, 0.020555410534143448], "fstar2500c": [0.051878273487091064, 0.08217689394950867, 0.09597978740930557, 0.0744851604104042, 0.05872674286365509, 0.04766441881656647, 0.039509110152721405, 0.034311387687921524, 0.030717339366674423, 0.032039493322372437], "fstar5x500c": [0.01653042621910572, 0.02652704156935215, 0.028130004182457924, 0.020709523931145668, 0.017117531970143318, 0.015674464404582977, 0.015197500586509705, 0.015111435204744339, 0.015115096233785152, 0.014970549382269382]}