{"m500c": [10.75, 11.25, 11.75, 12.25, 12.75, 13.25, 13.75, 14.25, 14.75], "fstar50c": [0.0005211447714827955, 0.015659788623452187, 0.029103156179189682, 0.03241275995969772, 0.024190371856093407, 0.01939253695309162, 0.01730421371757984, 0.016598403453826904, 0.01660325936973095], "fstar200m": [0.0003191819123458117, 0.019591549411416054, 0.03591543063521385, 0.04014469310641289, 0.029757678508758545, 0.023213982582092285, 0.019856978207826614, 0.018330557271838188, 0.017899835482239723], "fstar100c": [0.0003447932831477374, 0.01859155483543873, 0.03424755483865738, 0.03818223252892494, 0.028301691636443138, 0.022166375070810318, 0.01913226954638958, 0.017837608233094215, 0.017481524497270584], "fstar200c": [0.0003032767854165286, 0.022390756756067276, 0.04039112478494644, 0.0455644391477108, 0.03386850282549858, 0.026213455945253372, 0.02197001501917839, 0.019800465553998947, 0.01904849335551262], "fstar500c": [0.0003289786691311747, 0.0289803147315979, 0.05051092803478241, 0.05858844891190529, 0.044271282851696014, 0.03387386351823807, 0.027637822553515434, 0.023934634402394295, 0.022171102464199066], "fstar1000c": [0.0003759088576771319, 0.0341918021440506, 0.06031535193324089, 0.07197601348161697, 0.05562514811754227, 0.042437389492988586, 0.03423396125435829, 0.028837282210588455, 0.026138635352253914], "fstar2500c": [0.00041535793570801616, 0.04228205606341362, 0.07646104693412781, 0.09513749182224274, 0.07752161473035812, 0.06016692891716957, 0.04842240735888481, 0.040171168744564056, 0.03570607677102089], "fstar5x500c": [0.0006019448046572506, 0.011128551326692104, 0.020281990990042686, 0.023718394339084625, 0.019084779545664787, 0.01646987721323967, 0.01544472761452198, 0.015150024555623531, 0.015189994126558304]}