framework,total_requests,requests_per_second,avg_response_time
fastapi,127,4.884615384615385,37.23836141339628
flask,142,5.2592592592592595,49.68630140532517
nexios,143,4.931034482758621,12.55789021000761
quart,143,5.107142857142857,34.765089510767424
sanic,132,4.714285714285714,40.85024545202032
